Geo,Year,TotEmp,RetEmp,SvcEmp
1611,2019,399.6897641,9.000178058,149.9954117
1612,2019,234.9019615,2.799067224,45.24255145
1613,2019,62.76114744,3.769364026,34.14797986
1614,2019,191.1294839,30.47116162,27.82042547
1615,2019,207.1134484,31.46450771,94.39961637
1616,2019,45.79817373,5.714394637,21.75763843
1617,2019,139.4577192,13.31749877,70.63061557
1618,2019,653.4628662,4.036496319,345.5533291
1619,2019,61.51699142,1.71033368,35.08303705
1620,2019,33.192639,0.953640046,19.04979364
1621,2019,110.4359838,0.375986383,27.9591774
1622,2019,77.68773629,4.336147791,42.76009825
1623,2019,119.0070472,1.929421403,112.131742
1624,2019,161.1533931,6.598205019,119.5887796
1625,2019,321.2056711,13.18167695,238.680339
1626,2019,238.5603814,1.761832854,62.59308764
1627,2019,1195.013032,114.1120836,754.1005155
1628.01,2019,213.954539,10.63873438,11.9212599
1628.02,2019,201.7844053,9.987423285,12.16174563
1628.03,2019,398.0607857,19.83039946,21.63592453
1629,2019,30.70429363,0.135899244,11.09584956
1630.01,2019,262.5473367,0.90187343,205.7837251
1630.02,2019,1072.233185,23.87249304,617.5924516
1631,2019,988.992823,21.31214238,557.9597944
1632.01,2019,470.0286018,0.718691922,351.6974023
1632.02,2019,1160.477745,2.734757414,852.7250511
1632.03,2019,1363.787876,396.1890101,605.0020922
1632.04,2019,1046.518303,368.972688,371.8723208
1633,2019,5202.338188,0.049273152,263.1240447
1634,2019,1055.499015,371.4846977,375.2268095
1635,2019,1168.993028,105.0901113,555.0236671
1636,2019,687.1583211,22.92797232,454.4692315
1637,2019,7140.466803,836.3686928,2128.252966
1638.01,2019,1267.381105,152.7880311,280.3688096
1638.02,2019,2263.798781,231.684038,846.8956214
1639.01,2019,679.2707324,0.972222749,374.0107933
1639.02,2019,931.8192875,0.962295488,513.4149972
1640,2019,1378.67038,24.4891864,1038.899878
1641,2019,1425.22953,25.62616355,1073.45234
1642,2019,4455.956349,1157.339481,2218.623064
1643,2019,320.7609346,16.19869196,163.5415782
1644,2019,893.2044776,5.542935379,809.9300459
1645,2019,2615.45805,486.2002717,1566.425757
1646,2019,2913.016825,105.1004199,2391.305287
1647.01,2019,967.9760198,118.5486769,416.3302747
1647.02,2019,210.7861258,41.05281299,75.63798359
1648,2019,856.2107229,70.18477912,571.5146939
1649,2019,1393.005488,212.0259951,200.4396813
1650,2019,5457.67841,359.3248965,4019.596805
1651,2019,141.5771744,3.494928526,57.16912512
1652.01,2019,651.9479409,452.6549956,166.7423232
1652.02,2019,1319.310023,720.208504,275.257748
1653,2019,240.5059803,93.18886835,70.65078006
1654.01,2019,137.8890625,3.289792961,52.59511991
1654.02,2019,120.9020508,2.976205769,45.8694218
1655,2019,392.312613,57.54393981,221.7056144
1656,2019,1039.256201,218.1340372,428.4319754
1657,2019,1028.84843,60.14704547,480.0573759
1658,2019,120.1990472,27.10997716,61.26110594
1659,2019,194.61671,0.254904894,127.3464826
1660,2019,379.9931619,228.8821142,85.88737829
1661,2019,198.7749708,9.693277881,167.730499
1662.01,2019,782.1922427,417.9839728,98.56625207
1662.02,2019,1308.664028,64.3396905,329.2252734
1662.03,2019,33.68336889,0.545801306,30.45084945
1663,2019,816.0983934,117.6811272,238.4568434
1664,2019,59.50705416,1.407882924,40.12727194
1665.01,2019,3809.158668,1657.267084,1242.982484
1665.02,2019,370.2033054,33.66354135,281.5240506
1666,2019,214.7572125,9.847880997,53.43343276
1667,2019,2335.420319,14.08132518,2113.733532
1668,2019,144.0669771,0.007818789,104.3853814
1669,2019,70.73950071,2.967031507,49.58761281
1670,2019,295.7267391,0.410979795,247.4099314
1671,2019,109.1225551,3.307725667,73.14827962
1672.01,2019,1088.551022,571.0887506,167.2650863
1672.02,2019,262.3891437,134.5421791,43.15424524
1673.01,2019,285.43621,8.973574475,164.0926824
1673.02,2019,798.0794323,12.22998457,475.1392617
1673.03,2019,1474.757645,20.28234449,879.8328016
1674,2019,878.577699,277.2721169,449.1708195
1675.01,2019,2345.29352,32.20011331,1399.483457
1675.02,2019,1060.535373,14.89586618,632.554491
1676.01,2019,722.904767,10.16601148,432.8065069
1676.02,2019,1585.502834,21.90322136,945.9505989
1676.03,2019,892.597493,12.12010797,532.7535622
1677,2019,455.877171,68.39234132,211.6048851
1678,2019,1682.751878,195.7229448,549.6538849
1679,2019,1716.372159,199.6506336,560.7060738
1680,2019,326.3242893,44.77852428,134.4266197
1681,2019,3389.266503,56.61249819,2472.16954
1682.01,2019,721.9657081,71.81149615,285.0005898
1682.02,2019,1188.182537,21.33286516,862.4812768
1683,2019,2240.539254,260.1921018,733.4771897
1684,2019,1689.464954,193.4505686,559.8947779
1685,2019,382.6246664,12.4044824,209.76971
1686,2019,2363.08567,53.8042654,1357.656404
1687,2019,67.55573424,0.93357128,28.0840712
1688.01,2019,582.710459,62.81146895,203.9621167
1688.02,2019,3486.455061,58.39315452,2547.412025
1688.03,2019,1703.514269,28.51140496,1244.969899
1689.01,2019,495.0597056,55.28902285,171.003866
1689.02,2019,1956.296956,32.74435465,1429.700852
1689.03,2019,1874.692418,31.37638214,1370.071077
1690.01,2019,2011.713998,33.68384915,1469.998278
1690.02,2019,1600.292682,26.30979776,1171.245341
1691,2019,1020.44198,23.51014312,702.8396078
1692,2019,1871.022055,0.885580333,1475.71286
1693,2019,1987.644726,1.099371981,1566.686807
1694,2019,3961.84865,57.84495457,2852.359003
1695,2019,545.337885,164.9386809,286.7518219
1696,2019,2163.848083,46.85973714,1213.77813
1697,2019,1395.825923,228.9767467,427.1383142
1698,2019,132.6821296,4.285060842,70.55188
1699,2019,337.9308314,9.534395121,160.0235702
1700,2019,164.4062471,0.208263343,85.79530968
1701,2019,103.600073,0.308004171,23.89080321
1702,2019,50.1791896,0,10.75268349
1703,2019,950.2662817,15.49451497,616.1110604
1704.01,2019,729.5583299,5.441868806,499.2011582
1704.02,2019,580.3106593,4.371524596,396.904
1704.03,2019,375.7904774,2.766577362,255.9019435
1705,2019,160.5144484,2.452656647,118.3181965
1706,2019,1509.341645,250.2158772,631.4581552
1707,2019,171.0147191,7.771704019,83.17726316
1708,2019,105.6233964,8.496014264,52.71925542
1709,2019,106.4303299,2.518203032,46.70866332
1710,2019,105.082446,2.476184037,46.10972633
1711,2019,51.157851,0.004519542,30.63052636
1712,2019,208.1170199,23.95482152,80.25456501
1713,2019,163.4026173,0.981713102,74.17410854
1714,2019,185.0014455,1.117407658,84.10508572
1715,2019,201.6868745,31.29819726,91.53066987
1716,2019,40.14045387,5.724688479,30.01106738
1717,2019,188.6848775,13.97255806,105.0158813
1718,2019,127.3463089,18.33709428,95.6054444
1719,2019,877.4815964,91.8060272,441.8313131
1720,2019,29.00871276,0.076549938,16.99107189
1721,2019,44.19343386,0.007833006,28.63602645
1722,2019,84.51515749,0.766585069,59.72783387
1723,2019,2512.170495,2.415396007,853.2781318
1724,2019,3131.904712,2.573955681,1262.29802
1725.01,2019,265.677057,0.3545114,89.9190005
1725.02,2019,425.566924,0.334881117,141.9895938
1726.01,2019,346.2222206,0.928148624,132.88429
1726.02,2019,294.950247,0.856836006,120.2538184
1727,2019,817.5845396,7.947844607,527.6257111
1728.01,2019,1676.014533,50.25397772,988.6198831
1728.02,2019,1824.766677,53.40859972,1080.018577
1729.01,2019,564.788039,5.489702521,364.4604199
1729.02,2019,448.5474645,4.359851797,289.4498218
1730.01,2019,1312.228986,36.68405173,839.7267935
1730.02,2019,2012.585045,58.87329302,1192.090821
1731.01,2019,1213.097648,238.4507597,902.4806477
1731.02,2019,1204.132088,237.4887301,895.6573695
1731.03,2019,587.1749757,115.6803138,436.7416076
1732,2019,5747.450479,144.9499819,2985.047018
1733,2019,203.1894367,12.37839358,161.001355
1734,2019,958.1514924,559.77373,184.0267214
1735,2019,135.3066015,25.65233654,67.33260281
1736,2019,785.5701849,149.8819949,237.486984
1737,2019,3164.147686,173.921693,789.6827448
1738,2019,1801.248789,47.51451354,1006.351424
1739.01,2019,1312.869164,87.8885234,763.6527501
1739.02,2019,6483.073799,201.0162174,4417.907615
1739.03,2019,5560.982443,176.6745596,3753.386415
1740,2019,4935.700074,35.35339757,2786.414021
1741.01,2019,1474.003195,92.51620939,833.5364075
1741.02,2019,675.1557273,43.29922378,382.7979586
1741.03,2019,1193.236179,75.96207915,672.2953934
1742.01,2019,2050.802219,38.29177768,474.1330507
1742.02,2019,1428.16284,26.83800518,321.9735944
1743,2019,3286.156072,61.76971157,740.5330558
1744.01,2019,347.6874874,2.600453023,30.40288467
1744.02,2019,96.94575788,0.637276962,7.408344686
1745,2019,752.8643375,5.050608407,60.8592821
1746,2019,2223.481094,94.00454438,984.2768506
1747,2019,3053.944248,127.4722793,1388.672624
1748,2019,429.5806865,29.73250898,108.3821972
1749,2019,876.6075445,6.431313688,600.2559442
1750.01,2019,3958.915719,181.7947535,2495.255426
1750.02,2019,781.4020973,35.64845792,488.5969476
1750.03,2019,1537.611266,70.53180281,967.2794247
1751,2019,109.0802082,3.476802877,62.93753216
1752.01,2019,206.9017374,74.00484368,66.56369029
1752.02,2019,185.0052704,2.14921843,159.3474939
1753.01,2019,392.2683834,2.877913885,268.6052959
1753.02,2019,855.3050167,6.275025689,585.6690643
1753.03,2019,559.6460409,4.060775771,377.8589569
1754.01,2019,1395.900207,0.943474818,314.9221457
1754.02,2019,146.8385516,31.95607769,74.70425639
1754.03,2019,97.89134971,20.11185333,56.47686058
1755,2019,1316.214286,20.92617995,836.2338973
1756,2019,1961.862297,26.67917526,1170.99827
1757,2019,112.7389031,2.049634689,93.75008431
1758,2019,283.3962622,53.90715951,189.0965795
1759,2019,425.526684,101.4143768,121.0000987
1760,2019,167.9354698,2.176397863,134.1673578
1761,2019,2210.562887,34.39834182,756.2937718
1762,2019,248.6364356,34.36853535,137.7823469
1763,2019,88.03043506,4.030477686,62.42083427
1764,2019,158.4716672,0.063560434,122.3527323
1765,2019,66.93475966,0,33.05721761
1766,2019,92.36808229,6.92E-05,47.78449776
1767,2019,329.1393656,61.79660751,158.8207061
1768,2019,337.7806698,1.158111749,215.7114386
1769,2019,4068.502034,38.45155694,2649.199396
1770.01,2019,424.5969642,4.936613479,302.5901407
1770.02,2019,211.6581016,2.466539434,151.0392677
1771,2019,46.3770724,0.00091387,27.8817589
1772,2019,2560.569047,38.99693113,1823.593193
1773,2019,641.3644321,7.474085101,457.6777994
1774,2019,3265.830383,38.05477779,2330.467026
1775,2019,80.22925765,1.385937109,63.38761575
1776,2019,12.57372295,0.062348953,9.767545988
1777,2019,33.62028806,0.003255253,19.94165276
1778,2019,131.9314786,0.895582124,118.7705901
1779,2019,929.9187593,228.832523,445.4744467
1780,2019,279.6371937,7.303663208,142.3563576
1781,2019,30.33321318,0,22.45850767
1782,2019,67.36940386,0.02375986,49.95741486
1783,2019,63.1116682,0,40.15589481
1784,2019,1290.30883,22.87990445,973.5436301
1785,2019,708.8442592,57.0339639,532.2406546
1786,2019,1256.755555,0.053035749,1122.372358
1787,2019,1063.855526,0.072679906,948.0371526
1788,2019,542.0753709,4.15060226,414.3492728
1789,2019,188.3217632,17.78499375,139.8565992
1790,2019,1312.755269,23.01668212,436.8890686
1791,2019,1524.404372,76.68197305,795.4309945
1792,2019,889.6951979,147.9199301,512.2423772
1793.01,2019,756.275721,16.52400679,383.6561763
1793.02,2019,247.9334657,5.394446354,125.7646715
1794,2019,14.05458457,0.111351501,3.344000688
1795,2019,1097.813135,9.427485827,666.0400688
1796.01,2019,1140.159781,101.7839579,852.8578834
1796.02,2019,1100.114913,337.0810956,448.2754667
1796.03,2019,404.6115688,58.16126384,255.4150347
1797.01,2019,482.416838,48.60440322,303.9588799
1797.02,2019,591.8415552,59.22720754,371.0972643
1797.03,2019,237.4814982,24.67617418,149.5914567
1798.01,2019,1278.380648,145.3770822,724.0147624
1798.02,2019,1074.281109,97.34178462,650.5330866
1798.03,2019,597.3534601,163.1843891,213.6847579
1798.04,2019,488.0664201,135.2164163,178.8499337
1799,2019,750.2544042,13.51174117,505.645364
1800.01,2019,982.4660643,325.9252862,381.1126118
1800.02,2019,241.0622987,48.10315959,101.7205793
1800.03,2019,916.8459022,240.76098,256.7875354
1800.04,2019,237.3107956,64.32067036,65.82011771
1800.05,2019,999.9323455,273.3421229,285.901854
1800.06,2019,461.8242585,148.2200641,170.7831287
1801,2019,355.5198893,60.90898478,203.8590205
1802,2019,461.9132836,47.40491976,157.4210271
1803,2019,679.0767561,1.143933939,605.4757043
1804,2019,1098.901468,0.007376892,990.1419298
1805,2019,262.0031595,28.529941,184.5673467
1806,2019,13.74920306,0.003076801,10.89616473
1807,2019,83.1939184,0.32739295,62.85636565
1808,2019,105.662376,9.748279649,75.10770833
1809,2019,519.7784166,0.003015787,474.6018733
1810,2019,2073.439166,642.2201391,867.3765054
1811,2019,680.7854079,56.16850366,345.1072047
1812,2019,626.8348088,259.0638407,176.9826105
1813,2019,194.5813876,81.11670336,54.59836488
1814.01,2019,1231.668513,121.9497968,655.7297656
1814.02,2019,840.3649312,82.72385213,453.3873966
1815,2019,334.6938033,4.874733918,231.2267122
1816,2019,481.0487751,25.61169863,293.7101257
1817.01,2019,2358.46566,233.605078,1255.583515
1817.02,2019,645.4290155,63.88773426,343.7744317
1817.03,2019,1522.447768,150.797841,810.5101351
1818,2019,170.0244825,3.612408687,110.4171738
1819,2019,159.5248546,8.228601791,122.7260833
1820,2019,256.7587906,19.71762883,203.4493798
1821,2019,5251.893728,507.9624273,820.9092126
1822,2019,1156.116581,129.1493259,541.8872516
1823,2019,1508.433893,271.3718608,733.6609251
1824,2019,1434.655361,191.3365976,706.8933891
1825,2019,562.8152765,58.52212223,257.6265749
1826,2019,104.7328003,3.318874481,31.40024562
1827,2019,86.91863263,6.141154129,49.75352321
1828,2019,184.7013988,1.380471145,120.5668147
1829,2019,30.66559851,0.180342534,19.29813569
1830,2019,158.2859088,21.39363556,77.97649747
1831,2019,716.2571195,88.79109851,331.2900063
1832.01,2019,1447.827645,275.4904159,676.8176705
1832.02,2019,2150.391822,408.3793635,1007.576347
1832.03,2019,59.25530067,9.132455836,28.153207
1833.01,2019,99.35647195,14.16152311,58.54934954
1833.02,2019,230.3541048,17.858882,116.4219789
1833.03,2019,94.68499556,9.225800645,50.50692906
1834,2019,959.2497266,136.7194707,565.2857932
1835,2019,263.3207938,37.48487228,155.0436715
1836,2019,321.7884935,17.20499061,139.8139019
1837,2019,2156.311912,124.8209509,769.5810125
1838.01,2019,1256.465634,73.05754031,465.3418377
1838.02,2019,482.1629625,28.06924974,172.7864145
1839,2019,2375.05448,281.2427755,1485.332599
1840,2019,1717.117056,100.3166361,616.9118215
1841.01,2019,1308.999675,154.7129048,817.3355651
1841.02,2019,1367.10319,159.3292355,843.6302647
1841.03,2019,2953.063495,352.917672,1861.139516
1841.04,2019,1291.404094,152.3805498,805.2280084
1842.01,2019,5109.013007,610.9543002,3221.596846
1842.02,2019,1809.657025,216.4053487,1141.117738
1843.01,2019,2940.311922,351.5935059,1853.989053
1843.02,2019,7348.743671,878.4464063,4634.103119
1844,2019,2972.556113,355.4690383,1874.408499
1845.01,2019,1543.154719,182.5978157,968.3846959
1845.02,2019,2583.672364,305.2205462,1620.140102
1845.03,2019,1832.461153,219.1323491,1155.497366
1846.01,2019,3708.531198,438.0648083,2325.384702
1846.02,2019,2406.495051,287.7774039,1517.466653
1847.01,2019,3472.951789,209.8811676,1693.341793
1847.02,2019,2917.283506,176.2118724,1422.167264
1848.01,2019,732.6983871,135.7200238,355.4242158
1848.02,2019,1469.625668,247.7161252,691.5002156
1849.01,2019,972.8422531,184.8631014,455.7708908
1849.02,2019,1743.998745,286.5707616,916.6055732
1850,2019,217.3698944,35.95051268,119.4759391
1851.01,2019,4571.49174,173.2548751,3050.853864
1851.02,2019,4778.288236,151.4334089,3102.679931
1852.01,2019,339.0366591,13.44133476,229.1349814
1852.02,2019,528.6440636,19.24335607,355.8279562
1853.01,2019,1039.160348,46.22942596,694.8662466
1853.02,2019,988.1840968,65.85940897,651.7123891
1854.01,2019,352.0085374,15.41928666,237.2441647
1854.02,2019,890.4525609,39.10849917,600.2642191
1855,2019,5142.579832,614.9587757,3242.768601
1856,2019,292.6296889,4.24510939,263.2353655
1857,2019,961.3175107,2.755004379,905.0586883
1858,2019,1759.6028,203.7574047,914.2342663
1859,2019,401.3125841,10.24884764,241.3689321
1860,2019,1020.119949,38.51724451,733.0486871
1861,2019,1488.647112,139.4880524,929.9068253
1862,2019,140.7660704,0.362711306,110.9155584
1863,2019,218.2723949,1.176982861,186.1564973
1864,2019,1830.038729,7.014334694,1669.055719
1865.01,2019,1164.880641,4.184307392,1032.154176
1865.02,2019,658.6886086,2.216864507,572.2493092
1865.03,2019,733.0213965,2.809644247,668.5474548
1865.04,2019,327.525587,1.255393616,298.7176072
1866.01,2019,721.4677179,0.957691899,546.0827584
1866.02,2019,15.1765248,0.005730245,12.02207365
1866.03,2019,499.5491039,0.549729826,247.2869588
1867.01,2019,2971.354459,84.88398229,1716.110829
1867.02,2019,757.4303263,0,421.6322885
1868.01,2019,1698.041936,98.29258124,606.0236616
1868.02,2019,2319.900988,133.9068839,828.0525259
1868.03,2019,2013.159919,116.8974117,720.1023187
1869.01,2019,350.0034074,0.288434364,134.1038794
1869.02,2019,513.2192761,15.06259627,192.780109
1870,2019,516.1089481,0.014816752,192.4210975
1871,2019,351.462063,25.30584154,198.7569346
1872,2019,187.539907,3.588719118,173.6658537
1873,2019,359.9744703,89.97589367,140.4669338
1874,2019,1410.446438,309.1689972,558.2629282
1875,2019,7.090430056,0.21225452,5.971610295
1876,2019,1021.491048,146.4151138,627.550843
1877,2019,144.0760063,18.7014515,54.23477563
1878,2019,447.2779589,64.16720643,273.1051297
1879,2019,1952.030125,101.7547705,1068.139928
1880,2019,1210.717255,133.5168852,620.2652494
1881,2019,2385.317918,131.5264547,1330.775729
1882,2019,199.1256878,0.242537846,183.1445838
1883,2019,88.6186339,0.167085557,81.74004016
1884,2019,152.5072825,8.994885907,120.5171427
1885,2019,368.423847,10.88890983,268.4993586
1886,2019,57.7405446,2.30910161,37.03811435
1887,2019,112.8460089,20.97399202,84.68732383
1888,2019,338.4601217,48.24165872,199.4563845
1889,2019,1304.717549,185.9648371,768.6881403
1890,2019,65.16337447,16.35210604,25.68630316
1891,2019,109.2217958,4.931669526,35.46190866
1892,2019,95.83904155,0.021984517,74.30698278
1893,2019,41.64352919,10.26237828,16.91508669
1894,2019,73.54615075,18.78245107,28.72631595
1895,2019,212.5475414,54.07041603,83.21283544
1896,2019,119.7384506,5.52053328,51.07695926
1897,2019,88.39682325,0.053125515,78.87053462
1898,2019,77.3392574,3.573546697,32.96937355
1899,2019,43.54837237,0.056203701,28.72212338
1900,2019,105.2137502,0.089739277,97.5890579
1901.01,2019,631.6834938,248.2854998,266.0977579
1901.02,2019,1126.110244,442.6217361,474.3758764
1901.03,2019,608.9092602,239.3340043,256.5040728
1902,2019,5995.97973,315.1239934,2689.677978
1903,2019,256.3652276,41.04045589,82.5821529
1904,2019,328.8831472,129.2687198,138.5425912
1905,2019,609.9427438,111.7498186,288.852704
1906.01,2019,187.69965,50.67237233,56.48593213
1906.02,2019,217.6219401,35.1438667,85.80897551
1907,2019,313.5699443,83.4432085,116.7337943
1908,2019,1805.694024,380.8970226,760.8724939
1909,2019,105.7455104,12.21890708,63.47954336
1910,2019,76.38899989,35.22681428,21.429003
1911,2019,696.8507633,320.4084176,196.5167123
1912,2019,289.4623693,127.8428753,92.86262067
1913,2019,278.5347296,1.255003468,214.8813587
1914,2019,349.0823152,0.975612018,236.9822042
1915,2019,65.46432677,0.221845852,55.89310291
1916,2019,192.7440072,6.675435018,155.9817851
1917,2019,222.2577548,72.71391486,104.7321452
1918,2019,341.3897424,52.685308,212.4331007
1919,2019,566.8976009,1.50752603,432.8606275
1920,2019,3646.937041,194.4600322,2228.031031
1921,2019,14.87682234,0.066600833,12.46027155
1922,2019,103.9318396,0,95.29536918
1923,2019,13.72244519,0,10.91426533
1924,2019,329.8851595,26.34760775,212.3990865
1925,2019,170.2037945,56.36907524,76.10844394
1926,2019,14.5536783,0,12.48748195
1927,2019,395.8461387,138.1133927,168.3070943
1928,2019,230.4350396,13.15099375,145.5126679
1929,2019,55.18965126,2.901437315,30.18897928
1930,2019,145.0438198,7.134120068,74.16152714
1931,2019,1077.717506,29.125643,192.0481115
1932,2019,25.32296379,0.308514301,20.35648034
1933,2019,1063.130601,30.22659893,876.4421425
1934,2019,211.0855958,6.318134035,177.4423651
1935,2019,1139.718296,161.1746539,545.7573409
1936,2019,894.3840301,107.0470065,411.0397376
1937,2019,695.0161991,69.33134519,409.0470776
1938,2019,1920.032692,124.4725459,1076.774455
1939,2019,972.8058785,74.93511919,599.2921546
1940,2019,509.8354295,268.3684409,56.73405253
1941,2019,139.7166801,4.006701601,71.85392702
1942,2019,70.41133194,9.116228745,48.41721327
1943.01,2019,18.97888722,7.575525226,8.529763263
1943.02,2019,14.34543401,5.710761946,6.464582523
1943.03,2019,35.06096242,12.54039748,16.07198081
1944.01,2019,52.91616888,12.4812571,14.48631181
1944.02,2019,118.2593283,27.56259792,30.74470758
1944.03,2019,199.4405474,80.54561939,44.17638325
1944.04,2019,90.14707282,63.38871979,13.63896635
1944.05,2019,508.2033951,354.8927212,79.52949999
1944.06,2019,89.88525491,25.37787814,22.52517097
1945.01,2019,112.839542,65.18184485,27.91999722
1945.02,2019,710.4211659,410.579357,175.9396757
1945.03,2019,611.3941391,353.012363,150.0018967
1946,2019,286.3121673,163.9305656,70.48721122
1947,2019,789.2399305,240.2940278,371.1038042
1948,2019,1122.861109,110.3164407,811.9335122
1949,2019,202.0397292,0.054348822,189.5368473
1950,2019,440.5024282,199.7677848,139.5463137
1951,2019,83.02856555,5.639369213,44.31041194
1952,2019,1593.936605,383.9100333,694.1334639
1953,2019,113.2672361,0.075639891,87.35127572
1954,2019,462.1932543,7.257194415,395.1972612
1955,2019,144.3560407,16.59198118,61.71942994
1956,2019,377.714111,39.66391913,166.3333878
1957,2019,1589.937843,75.21714744,1202.429603
1958,2019,187.2048435,48.86847457,41.58061976
1959,2019,313.9534035,0.581116733,205.8582881
1960,2019,2999.045569,6.298304931,2347.72774
1961,2019,638.8443671,220.641134,167.1453245
1962,2019,303.2884073,159.7552552,54.65650349
1963,2019,417.7067066,141.8619633,180.3220631
1964,2019,101.7916037,0.129028432,79.7562617
1965,2019,2499.982379,7.980632905,1932.913054
1966.01,2019,298.17772,5.430244974,38.11999403
1966.02,2019,526.2210641,10.7688564,65.55240169
1967,2019,752.3983103,26.56757744,78.40912907
1968.01,2019,739.2202344,13.24033823,522.5741124
1968.02,2019,612.2068973,13.32242439,367.3457183
1969.01,2019,1000.256244,43.66659629,490.3662943
1969.02,2019,1960.094681,85.67127343,960.4183805
1970,2019,829.3647388,6.799335457,209.1208717
1971,2019,3069.604452,132.9464459,1524.280387
1972.01,2019,208.0193288,0.518610102,165.9046636
1972.02,2019,291.7499409,0.645506156,233.1459021
1972.03,2019,24.0052726,0.410481127,18.30647457
1972.04,2019,1731.031458,4.400532828,1686.911456
1973.01,2019,887.5978677,42.1359818,433.7772676
1973.02,2019,1279.72862,57.88085871,627.1029939
1973.03,2019,809.4769086,35.38761175,397.1959158
1973.04,2019,1050.995731,45.97524588,515.6003221
1974,2019,7318.764472,17.55620406,7015.037127
1975,2019,1896.58029,29.68564163,1582.166868
1976,2019,976.8602861,43.87763656,780.2705386
1977,2019,144.9234652,1.110983979,64.65213602
1978,2019,256.8382163,1.29634017,203.3505581
1979,2019,196.5207686,4.007786678,166.1343542
1980,2019,77.63548135,0.218715446,57.28057592
1981,2019,1855.729423,10.12688913,1736.677645
1982,2019,256.8252719,114.306552,105.1817863
1983,2019,632.6025098,25.93611757,258.566697
1984,2019,482.4102001,146.4931482,123.5207451
1985,2019,2392.451452,98.98337232,980.4283295
1986,2019,1495.12096,245.3484997,891.5239923
1987,2019,575.7705067,101.3316911,96.29967815
1988,2019,33.16188864,1.049067584,7.812198875
1989.01,2019,1443.863511,27.38858481,457.1101384
1989.02,2019,232.5469647,4.674885754,13.02383726
1989.03,2019,141.6430158,2.846395692,7.209618064
1990,2019,1876.70281,52.19176605,1287.180542
1991,2019,691.145207,16.30010897,477.9168429
1992,2019,83.97125741,7.504291312,47.73883229
1993,2019,15.2224968,0.431270296,12.53000074
1994,2019,208.8131589,50.29478236,90.93476275
1995,2019,71.18461946,13.51824985,21.90862275
1996,2019,630.5933421,8.879836899,544.1705453
1997,2019,1863.403205,24.44151626,1435.962949
1998,2019,1356.320126,240.3084007,578.6549874
1999,2019,550.165399,231.9935257,153.0319152
2000,2019,113.0329182,6.363973247,47.36723046
2001,2019,551.5588719,227.9549125,162.0694313
2002,2019,630.6310249,83.30981799,406.1765374
2003,2019,888.0059585,327.5250326,329.9204933
2004,2019,700.1762194,10.97831192,528.9318162
2005,2019,10188.54109,90.53748316,9277.617491
2006.01,2019,1095.31899,75.0530039,245.6280128
2006.02,2019,129.4565285,8.870567772,29.03094907
2007,2019,2129.675729,147.4535727,622.6651202
2008,2019,444.5751682,50.915095,231.9938496
2009,2019,1114.593627,38.09625542,799.4761055
2010,2019,379.5548194,238.1566488,47.93370943
2011,2019,362.0124149,40.01456639,92.34219814
2012.01,2019,454.91291,82.05316378,260.2525701
2012.02,2019,199.3503834,51.45377301,105.3751226
2013.01,2019,28260.12778,254.0216802,25696.77375
2013.02,2019,4154.946732,41.98686738,3767.867553
2014,2019,754.7113935,252.1538354,142.8679906
2015,2019,1080.147296,201.7661882,570.0224171
2016,2019,163.5813891,30.76245218,85.96353387
2017,2019,179.7945288,35.09691949,91.37180359
2018.01,2019,107.070392,26.69393922,30.40634137
2018.02,2019,213.6803191,53.27307902,60.68191782
2018.03,2019,211.7141067,52.82613204,60.18337551
2019,2019,702.2353697,253.9354819,108.3129192
2020,2019,837.1861564,52.19904104,686.4165942
2021,2019,973.486918,192.1924234,423.6578601
2022,2019,334.8262144,80.7357934,103.5886842
2023,2019,444.978787,8.179240586,381.929812
2024,2019,113.5917924,1.014469021,87.2803754
2025.01,2019,127.6017862,18.86372264,84.51336777
2025.02,2019,125.6129878,32.58817687,70.7792093
2025.03,2019,41.0139667,0.37032927,31.66315262
2026,2019,786.1272947,303.8733872,372.4484588
2027,2019,1431.791084,549.5597694,673.0223508
2028,2019,1773.033061,685.5532651,839.7374172
2029,2019,225.2902494,135.3296109,37.15731859
2030,2019,589.5901695,369.891484,74.45486243
2031,2019,916.6384657,25.35473998,665.4479806
2032,2019,946.7705784,61.09440168,651.3852252
2033,2019,1609.118738,470.7635946,388.1813054
2034,2019,373.1074013,40.43691572,206.8176067
2035,2019,1176.168483,85.87975467,542.9304086
2036.01,2019,263.6931603,13.04466522,205.0220214
2036.02,2019,32.16577542,8.013592149,3.825665207
2036.03,2019,79.51005163,3.887863359,61.11298715
2037,2019,91.700106,0.012335582,69.64250357
2038,2019,1190.756726,342.9718692,394.6596399
2039,2019,387.3872938,89.49033002,113.3279259
2040,2019,1366.65039,580.4764065,187.2214193
2041,2019,201.944949,1.015934647,47.55079967
2042,2019,373.3442,5.673415264,168.2504668
2043,2019,67.86288781,10.91355046,34.67936779
2044.01,2019,1154.520225,465.0377751,296.1024563
2044.02,2019,264.3435559,128.49566,52.25797003
2045,2019,445.5248514,215.8981428,89.64878283
2046,2019,69.44378006,20.1438147,22.13013724
2047.01,2019,208.1316975,43.49706194,115.8824626
2047.02,2019,29.23446482,8.70873013,13.90423167
2048,2019,36.30635793,14.87029938,12.46782861
2049,2019,120.2013624,1.605231009,58.66530782
2050,2019,49.07043163,0,45.38742493
2051,2019,71.55921136,0.470445452,41.65563265
2052,2019,759.7674344,268.566188,309.8105389
2053,2019,613.1602929,29.55841695,118.6325463
2054,2019,29.13734086,10.65916876,6.071875514
2055,2019,224.352794,10.50939385,45.23851006
2056,2019,127.7855334,5.845819346,26.92285016
2057,2019,86.20919135,0.498878432,77.82472175
2058,2019,139.9336517,14.07429877,87.47168741
2059,2019,168.8165624,33.49712522,52.13799319
2060,2019,324.4150101,109.9740806,139.318864
2061.01,2019,14.5207383,3.320565204,2.395986612
2061.02,2019,54.17465963,11.4244466,5.88398185
2062.01,2019,85.14974541,11.42254523,39.61639822
2062.02,2019,109.1995474,23.75810408,43.80059932
2062.03,2019,575.7742637,129.6795265,230.0921912
2063.01,2019,143.5354476,15.59805762,78.66328115
2063.02,2019,8.890307818,1.874074759,0.963809876
2064,2019,217.6420489,121.5019336,59.84647288
2065,2019,719.0913315,47.80276832,659.6217177
2066.01,2019,14.29409112,0.361101063,9.672231596
2066.02,2019,774.8936422,71.72941407,463.9669828
2067,2019,840.785285,89.58944044,538.0777055
2068,2019,234.9287946,3.442307402,146.5732733
2069.01,2019,1664.545745,68.20518997,1500.065573
2069.02,2019,234.678537,1.284020781,226.6891594
2070,2019,488.9209429,178.3362623,218.5865617
2071,2019,85.87480641,3.648584243,55.21490722
2072,2019,292.6780791,43.27918324,144.5648922
2073.01,2019,242.7180171,38.92846063,107.357031
2073.02,2019,74.37742454,11.9477299,31.37799588
2073.03,2019,458.9366633,50.13183534,237.6936229
2074.01,2019,65.47240741,14.45411769,27.2668988
2074.02,2019,76.71566723,16.68623733,37.91078227
2075.01,2019,152.1437741,66.18589293,34.01452219
2075.02,2019,585.6190645,364.3100941,51.09220679
2076.01,2019,527.2693772,236.3801414,112.3668702
2076.02,2019,751.6866178,514.6224845,36.90763715
2076.03,2019,83.53136045,36.3379817,18.67496274
2077,2019,542.5248883,1.336396732,54.60062655
2078,2019,26.5481209,0.007137108,24.00647412
2079.01,2019,82.79445371,22.14957464,24.95560943
2079.02,2019,390.4190778,62.27153046,193.9161915
2080.01,2019,26.80141346,3.866628771,14.30578634
2080.02,2019,40.12367003,3.282016082,29.55723046
2080.03,2019,22.30841441,0.821888952,16.79001716
2080.04,2019,66.92668857,17.03659326,19.35702873
2081,2019,365.9656403,57.31591175,260.7720391
2082,2019,344.0755763,53.04750382,134.1661284
2083,2019,178.9413183,65.88203813,64.5118269
2084,2019,109.8036875,29.96382818,55.37297344
2085.01,2019,78.79772723,25.70446104,25.96650046
2085.02,2019,285.7480635,75.30746624,99.63742939
2086.01,2019,48.61876061,3.001071617,28.23406801
2086.02,2019,90.28533471,3.90030195,54.35831135
2086.03,2019,52.53320516,2.170904577,31.6881024
2087,2019,382.1968157,17.13258849,229.3887564
2088,2019,325.5864813,10.50410236,219.5198638
2089.01,2019,327.8521325,5.854414205,277.7231762
2089.02,2019,45.80547913,0.999598117,38.57590935
2089.03,2019,241.7512014,2.956002397,208.1902072
2089.04,2019,255.7989372,3.775146995,217.275403
2090,2019,472.8750765,9.07007744,380.8909723
2091,2019,315.6436623,55.1860008,60.79380721
2092,2019,28.1924668,0.003432524,3.330563547
2093,2019,131.1311611,15.959222,18.95004368
2094,2019,23.65450516,0.016483622,3.201501386
2095,2019,87.89953759,0.070456581,10.36682985
2096.01,2019,40.30203107,0.267270762,28.44029589
2096.02,2019,53.15101812,12.89560639,16.46216694
2097,2019,118.0191124,15.810219,61.25939281
2098,2019,795.3897194,44.03677288,371.9395534
2099.01,2019,136.2803051,1.323560253,85.284099
2099.02,2019,220.4815916,3.269228903,129.9629182
2100,2019,422.5670763,1.849494906,282.7445787
2101,2019,592.6809496,20.74273922,268.6933009
2102,2019,403.2383566,23.5971031,139.9197944
2103,2019,6.576351467,0.116105444,3.633773259
2104,2019,52.69474215,5.535913769,7.120494386
2105,2019,81.64929813,8.578864294,11.04523734
2106,2019,912.6714643,33.93941857,443.5862995
2107,2019,4.393414477,0.037125672,2.636720866
2108,2019,1995.323008,57.25107001,759.2064063
2109,2019,39.51281371,4.130860144,5.469594209
2110,2019,469.0300446,13.45701024,178.449211
2111.01,2019,595.501323,17.10712334,227.0217127
2111.02,2019,322.1134367,13.99988828,212.9431018
2112.01,2019,198.3475164,9.768950558,153.0264489
2112.02,2019,60.53522143,3.008708819,47.17655428
2112.03,2019,39.87425523,1.981821831,31.0749663
2112.04,2019,76.89229653,3.903039281,59.82724915
2112.05,2019,13.57782715,5.428231543,5.284916771
2112.06,2019,48.96088268,2.742625099,37.81251962
2113,2019,30.32583684,0.65443755,21.96902464
2114.01,2019,197.1350086,5.655433058,75.07842698
2114.02,2019,378.2084111,11.02895232,153.9085522
2114.03,2019,286.0852761,16.96841231,89.96051325
2115.01,2019,213.1536044,7.405922762,55.5377514
2115.02,2019,601.5546986,48.43889299,122.6572494
2116.01,2019,1416.370405,42.0274712,538.5249581
2116.02,2019,267.8497452,7.680920544,101.9536084
2117.01,2019,1088.242084,31.21866907,413.9866985
2117.02,2019,295.2080821,8.470666453,113.2654354
2118,2019,2404.535031,223.0408297,827.0184967
2119,2019,2610.533507,242.3683852,897.6432252
2120,2019,2046.558074,189.1182955,704.1978254
2121,2019,1018.078285,94.40677321,350.1983764
2122,2019,285.7530451,12.78555463,157.5463522
2123,2019,104.2100289,8.019964435,41.17479913
2124,2019,61.37783237,4.6483125,22.71971555
2125,2019,290.082559,42.24972363,46.99351023
2126,2019,405.2624613,22.02832311,226.2143512
2127,2019,62.04978042,0.26023771,55.91083361
2128,2019,371.334167,116.2218618,111.2731616
2129,2019,57.99770352,0.712322132,43.58782774
2130,2019,86.38132711,0.465132533,80.32457332
2131,2019,323.2782785,62.08519683,150.8949316
2132,2019,286.3368891,13.38003024,140.2199885
2133,2019,144.8973135,4.995394775,83.15886134
2134,2019,67.96669301,1.349866336,46.74228796
2135,2019,460.5057111,183.6334598,151.4709823
2136,2019,229.9875028,1.04488272,187.3947502
2137,2019,128.4370211,11.04116219,71.39660034
2138,2019,1050.736917,249.7937934,547.2729167
2139,2019,576.2079,172.2966783,230.267772
2140,2019,1047.950361,351.0520898,253.1624125
2141,2019,165.4239828,2.236667686,130.5171356
2142,2019,1651.866109,516.308754,649.407113
2143,2019,90.09907591,3.946850376,59.83288523
2144,2019,1022.74245,103.5141022,572.4765075
2145,2019,1173.678426,154.124186,796.283492
2146,2019,129.3606377,9.484728795,62.92214681
2147,2019,284.8996894,163.7437954,82.06715687
2148,2019,119.6955461,4.943994917,106.6098597
2149,2019,76.24331304,0.002125196,66.85434505
2150,2019,1207.58256,302.2683775,509.2103262
2151,2019,29.99911316,2.800198873,23.42716192
2152,2019,37.32168246,0.064363752,19.80184301
2153,2019,83.01573524,2.84169296,22.23070977
2154,2019,147.983494,5.076718498,39.47133104
2155,2019,69.91933264,1.052717061,56.58211788
2156,2019,85.01830456,1.174067231,54.5632931
2157,2019,69.31179083,0.894640092,43.99439922
2158,2019,75.35166203,1.945088433,39.71196052
2159,2019,89.9976454,13.52527487,41.10328582
1611,2045,418.5118113,9.424011218,157.0589419
1612,2045,243.8648411,2.90586796,46.96881861
1613,2045,77.1017548,4.630644797,41.95062196
1614,2045,200.0923635,31.90008481,29.1250443
1615,2045,216.972616,32.96230448,98.89329673
1616,2045,56.55362925,7.056389576,26.86730315
1617,2045,149.3168868,14.25899883,75.62395031
1618,2045,664.2183217,4.102933693,351.2408496
1619,2045,95.5759339,2.657261596,54.50679484
1620,2045,44.84438249,1.288400086,25.73691811
1621,2045,123.8803032,0.42175843,31.36288784
1622,2045,87.54690385,4.88643809,48.18668157
1623,2045,128.8662148,2.089264785,121.4213232
1624,2045,369.9884878,15.14867202,274.561217
1625,2045,331.0648386,13.58627865,246.0064532
1626,2045,273.5156118,2.019986673,71.76458456
1627,2045,1463.003132,139.702523,923.2128743
1628.01,2045,596.6694979,29.66895832,33.24562401
1628.02,2045,588.0845161,29.10754665,35.44443528
1628.03,2045,778.9831687,38.80700627,42.34032001
1629,2045,41.45974916,0.183503605,14.98263223
1630.01,2045,294.8137032,1.012711266,231.0739953
1630.02,2045,1091.95152,24.31150745,628.9499577
1631,2045,1552.75795,33.46090865,876.0190027
1632.01,2045,652.8713457,0.998265553,488.5089023
1632.02,2045,1328.979882,3.131846001,976.5412928
1632.03,2045,1527.808572,443.8380607,677.764775
1632.04,2045,1131.665659,398.9932322,402.1287864
1633,2045,4583.899495,0.043415704,231.8446306
1634,2045,1591.479216,560.123853,565.7662014
1635,2045,1192.296515,107.1850477,566.0878792
1636,2045,757.9650699,25.29053583,501.2990344
1637,2045,7947.125967,930.8533378,2368.681891
1638.01,2045,1642.92576,198.0614916,363.4464313
1638.02,2045,2258.421054,231.1336651,844.8837933
1639.01,2045,680.1670204,0.973505582,374.5042952
1639.02,2045,1007.107476,1.040046062,554.8973809
1640,2045,1495.187815,26.55887414,1126.701829
1641,2045,1435.088697,25.80343509,1080.878053
1642,2045,5288.607864,1373.602927,2633.200701
1643,2045,340.4792698,17.19448415,173.5950707
1644,2045,932.6411478,5.787666479,845.6899922
1645,2045,2863.729814,532.3527228,1715.118369
1646,2045,2930.046296,105.7148361,2405.284837
1647.01,2045,972.4574596,119.0975219,418.2577595
1647.02,2045,231.4007489,45.06772746,83.03528508
1648,2045,883.9956496,72.46234806,590.060939
1649,2045,1433.338446,218.1649771,206.2431941
1650,2045,5509.663112,362.7474869,4057.883696
1651,2045,189.0804363,4.667578749,76.35103021
1652.01,2045,651.9479409,452.6549956,166.7423232
1652.02,2045,1319.310023,720.208504,275.257748
1653,2045,250.3651479,97.00900066,73.54699859
1654.01,2045,150.437094,3.589167145,57.38132416
1654.02,2045,132.5537943,3.263032881,50.2900146
1655,2045,418.3049639,61.35646641,236.3945382
1656,2045,1241.81728,260.6504695,511.9375086
1657,2045,1094.277451,63.97206205,510.5863472
1658,2045,307.5232308,69.35951622,156.7334656
1659,2045,204.4758776,0.267818225,133.7977802
1660,2045,391.6449054,235.9003344,88.52094594
1661,2045,207.7378504,10.13035345,175.2935653
1662.01,2045,792.9476982,423.7314192,99.92157737
1662.02,2045,1502.262228,73.85783111,377.9294623
1662.03,2045,117.0381492,1.896472259,105.8062533
1663,2045,839.4018803,121.0414825,245.2659194
1664,2045,68.46993377,1.619936525,46.17119248
1665.01,2045,3819.017835,1661.556555,1246.199671
1665.02,2045,380.9587609,34.64156266,289.7031224
1666,2045,225.5126681,10.34108188,56.10948216
1667,2045,2818.519529,16.99415291,2550.975167
1668,2045,153.9261447,0.008353865,111.5289544
1669,2045,79.70238031,3.342962153,55.87049294
1670,2045,304.6896187,0.423435762,254.9084262
1671,2045,118.0854347,3.579408701,79.15637962
1672.01,2045,1179.972394,619.051332,181.3127546
1672.02,2045,267.7668715,137.299653,44.03870174
1673.01,2045,289.0213619,9.086284866,166.1537284
1673.02,2045,3833.806753,58.75028917,2282.469685
1673.03,2045,1496.268556,20.57818409,892.6661001
1674,2045,888.4368666,280.3835915,454.2112961
1675.01,2045,2632.105667,36.13795033,1570.62999
1675.02,2045,2360.152915,33.14978726,1407.709129
1676.01,2045,1148.641548,16.15303107,687.6971335
1676.02,2045,1697.538829,23.45096328,1012.794072
1676.03,2045,2077.490176,28.2091373,1239.965719
1677,2045,455.877171,68.39234132,211.6048851
1678,2045,2302.086858,267.7585596,751.9533935
1679,2045,2439.676543,283.7863368,796.9958313
1680,2045,326.3242893,44.77852428,134.4266197
1681,2045,4271.213856,71.34407591,3115.471971
1682.01,2045,785.6021532,78.14119891,310.1214843
1682.02,2045,1791.384334,32.16286998,1300.335091
1683,2045,2408.145103,279.6560402,788.3457069
1684,2045,2773.077098,317.5285405,919.0077497
1685,2045,750.10273,24.31792023,411.2354639
1686,2045,2372.04855,54.00833805,1362.80582
1687,2045,76.51861385,1.05743178,31.81009315
1688.01,2045,582.710459,62.81146895,203.9621167
1688.02,2045,5751.374736,96.32733186,4202.297436
1688.03,2045,2344.360161,39.23712475,1713.315752
1689.01,2045,562.2813026,62.79643332,194.2235966
1689.02,2045,2152.58402,36.02979308,1573.151354
1689.03,2045,4751.77677,79.52961368,3472.714699
1690.01,2045,2046.669229,34.26913449,1495.54074
1690.02,2045,2573.661407,42.31257937,1883.648514
1691,2045,1283.950641,29.58116571,884.3338299
1692,2045,2173.967386,1.028968502,1714.651957
1693,2045,1987.644726,1.099371981,1566.686807
1694,2045,3986.944713,58.21136953,2870.427079
1695,2045,605.3891783,183.1013308,318.3282413
1696,2045,2468.58599,53.4590628,1384.716288
1697,2045,1475.595551,242.0624687,451.548711
1698,2045,145.2301611,4.690308167,77.22412148
1699,2045,355.8565906,10.04015327,168.5121238
1700,2045,191.2948859,0.242324809,99.82713106
1701,2045,112.5629526,0.334650912,25.95769743
1702,2045,60.03835716,0,12.86536225
1703,2045,1566.912398,25.54920455,1015.917409
1704.01,2045,1003.822446,7.487639892,686.8667069
1704.02,2045,604.5104343,4.553823352,413.4554579
1704.03,2045,566.6998129,4.172055886,385.9054239
1705,2045,189.1956631,2.89090487,139.4596553
1706,2045,1701.147269,282.0130601,711.7032247
1707,2045,188.0441904,8.545602376,91.45997016
1708,2045,115.482564,9.289054736,57.64021034
1709,2045,121.6672253,2.878716769,53.39562007
1710,2045,114.9416136,2.708507457,50.43588674
1711,2045,61.01701856,0.00539055,36.53365728
1712,2045,217.0798995,24.98647276,83.71085131
1713,2045,172.3654969,1.035561543,78.24267008
1714,2045,194.860613,1.176956973,88.58724601
1715,2045,242.9161207,37.69623919,110.2415579
1716,2045,49.10333347,7.002942426,36.71217705
1717,2045,262.1804903,19.41508068,145.9211549
1718,2045,136.3091885,19.62769445,102.3343405
1719,2045,992.2064553,103.8090522,499.5978068
1720,2045,37.97159236,0.100201724,22.24083712
1721,2045,53.15631346,0.00942162,34.44370498
1722,2045,335.4757863,3.042894748,237.0845967
1723,2045,2545.33315,2.447281161,864.5420839
1724,2045,3142.660167,2.582795052,1266.632951
1725.01,2045,-290.0214782,-0.386995857,-98.15842487
1725.02,2045,425.566924,0.334881117,141.9895938
1726.01,2045,38.79545034,0.104002406,14.89016466
1726.02,2045,576.3846665,1.674408279,234.9971147
1727,2045,1980.070024,19.24851572,1277.832204
1728.01,2045,1342.595412,40.25666758,791.9480965
1728.02,2045,3344.871058,97.90012151,1979.717695
1729.01,2045,1072.983312,10.42932709,692.4012577
1729.02,2045,232.5420662,2.260293559,150.0605063
1730.01,2045,1360.628535,38.03708661,870.6988261
1730.02,2045,1908.615642,55.83192035,1130.507847
1731.01,2045,1228.334544,241.4457777,913.8160939
1731.02,2045,3261.112956,643.1832374,2425.680605
1731.03,2045,941.2087199,185.4290877,700.0724256
1732,2045,6172.290972,155.664406,3205.695956
1733,2045,212.1523163,12.92441631,168.1032781
1734,2045,967.114372,565.0100466,185.7481708
1735,2045,146.062057,27.69142821,72.68483845
1736,2045,821.4217033,156.7222457,248.3253141
1737,2045,3385.530812,186.0903185,844.9337799
1738,2045,1899.840465,50.11522896,1061.43425
1739.01,2045,1320.039468,88.36853117,767.8234796
1739.02,2045,7298.695843,226.30565,4973.715392
1739.03,2045,5567.256459,176.8738875,3757.621064
1740,2045,16923.55154,121.2198952,9554.069452
1741.01,2045,3864.403184,242.5503116,2185.287494
1741.02,2045,2216.771019,142.1664077,1256.858805
1741.03,2045,1213.850802,77.27441753,683.9101234
1742.01,2045,2475.642712,46.22423336,572.3535992
1742.02,2045,1473.873526,27.6969994,332.2788856
1743,2045,3286.156072,61.76971157,740.5330558
1744.01,2045,1756.652161,13.13849819,153.6071759
1744.02,2045,113.0789412,0.743329112,8.641200927
1745,2045,761.8272171,5.110736099,61.58381425
1746,2045,2276.362084,96.24025187,1007.68588
1747,2045,3453.688678,144.1576965,1570.442199
1748,2045,439.4398541,30.41489019,110.869642
1749,2045,1019.11733,7.476850132,697.8393457
1750.01,2045,3964.293447,182.0417005,2498.644941
1750.02,2045,787.6761131,35.93468569,492.5199789
1750.03,2045,1545.677858,70.90182563,972.3539506
1751,2045,117.1467998,3.733915964,67.59182627
1752.01,2045,206.9017374,74.00484368,66.56369029
1752.02,2045,185.0052704,2.14921843,159.3474939
1753.01,2045,398.5423992,2.923943791,272.9014205
1753.02,2045,870.541912,6.386812605,596.1025098
1753.03,2045,660.9265804,4.795664488,446.2410346
1754.01,2045,1419.203694,0.959225408,320.1795302
1754.02,2045,171.9346145,37.41766612,87.47190286
1754.03,2045,256.5343186,52.70517369,148.0034037
1755,2045,1501.745894,23.87590315,954.1081834
1756,2045,2001.298967,27.21547072,1194.537268
1757,2045,125.2869346,2.277762512,104.184628
1758,2045,299.5294455,56.97598645,199.8614701
1759,2045,434.4895636,103.5504704,123.548727
1760,2045,176.8983494,2.292554337,141.3280004
1761,2045,2222.214631,34.5796534,760.2801506
1762,2045,257.5993152,35.60745692,142.7491435
1763,2045,98.78589058,4.522916732,70.04733875
1764,2045,169.2271227,0.067874274,130.6567994
1765,2045,75.89763926,0,37.48373475
1766,2045,101.3309619,7.59E-05,52.42123688
1767,2045,341.6873971,64.15252678,164.8755492
1768,2045,346.7435494,1.188841796,221.4352584
1769,2045,3856.978076,36.45243651,2511.465867
1770.01,2045,-287.0556761,-3.337477748,-204.5709808
1770.02,2045,218.8284053,2.55009795,156.155998
1771,2045,55.339952,0.001090486,33.27021563
1772,2045,2569.531927,39.13343391,1829.976402
1773,2045,641.3644321,7.474085101,457.6777994
1774,2045,3275.68955,38.1696608,2337.502439
1775,2045,112.4956242,1.943329215,88.88066037
1776,2045,21.53660255,0.106792922,16.73010903
1777,2045,42.58316766,0.004123075,25.25792586
1778,2045,143.5832221,0.974676919,129.2600082
1779,2045,940.6742148,231.4792037,450.6268114
1780,2045,288.6000733,7.53775887,146.9191373
1781,2045,39.29609278,0,29.09456364
1782,2045,76.33228346,0.026920891,56.60378946
1783,2045,71.17825984,0,45.28840382
1784,2045,1300.167998,23.05472834,980.9824149
1785,2045,725.8737304,58.40416368,545.0273518
1786,2045,1266.614723,0.053451811,1131.177298
1787,2045,1065.648102,0.072802371,949.6345768
1788,2045,551.0382505,4.219229891,421.2002807
1789,2045,199.0772187,18.80073248,147.8441064
1790,2045,1323.510725,23.2052587,440.4685179
1791,2045,1533.367252,77.13283196,800.1078062
1792,2045,917.4801247,152.5394272,528.2395602
1793.01,2045,1010.821502,22.08562419,512.7864104
1793.02,2045,535.6419009,11.65430206,271.7052638
1794,2045,23.01746417,0.182362501,5.476534411
1795,2045,1222.397161,10.49735292,741.6248391
1796.01,2045,1262.951232,112.7457547,944.7078664
1796.02,2045,1338.527511,410.1319911,545.423971
1796.03,2045,627.7872709,90.24186136,396.296893
1797.01,2045,509.3054768,51.31348412,320.900744
1797.02,2045,620.52277,62.09741536,389.0809969
1797.03,2045,250.0295297,25.98001222,157.49556
1798.01,2045,1472.875135,167.4949397,834.1673059
1798.02,2045,1216.790895,110.2547519,736.8301739
1798.03,2045,765.8555966,209.2156253,273.961195
1798.04,2045,625.198478,173.2081827,229.1014128
1799,2045,769.9727393,13.86685943,518.9348358
1800.01,2045,1137.523881,377.3644811,441.2617526
1800.02,2045,340.5502623,67.95564342,143.7013176
1800.03,2045,1071.903719,281.478697,300.2156782
1800.04,2045,278.5400417,75.49543696,77.25539114
1800.05,2045,1132.582964,309.6035777,323.8294776
1800.06,2045,529.9421434,170.0821406,195.9731989
1801,2045,368.9642087,63.2123154,211.5681413
1802,2045,478.0464669,49.06062503,162.9192502
1803,2045,688.9359236,1.16054213,614.2662959
1804,2045,1397.365359,0.009380471,1259.066507
1805,2045,276.3437668,30.09151255,194.6695449
1806,2045,47.80814555,0.010698523,37.88768171
1807,2045,99.32710168,0.390881851,75.04563726
1808,2045,120.0029833,11.07132628,85.30140448
1809,2045,520.6747046,0.003020987,475.4202604
1810,2045,2366.525329,732.9996708,989.9824907
1811,2045,694.2297273,57.27773323,351.9224676
1812,2045,637.5902644,263.5089506,180.0193413
1813,2045,194.5813876,81.11670336,54.59836488
1814.01,2045,1236.149953,122.3935125,658.1156457
1814.02,2045,843.950083,83.07676734,455.3216309
1815,2045,344.5529708,5.018330298,238.0380212
1816,2045,495.3893825,26.37521229,302.4659563
1817.01,2045,2829.016839,280.2129836,1506.092273
1817.02,2045,964.5075293,95.47169285,513.7250104
1817.03,2045,4317.969916,427.6931889,2298.770738
1818,2045,188.8465296,4.012309487,122.6405737
1819,2045,169.3840221,8.7371568,130.3109642
1820,2045,267.5142461,20.54358723,211.9717395
1821,2045,5923.21341,572.8923731,925.8413647
1822,2045,1171.353476,130.8514334,549.0289876
1823,2045,1572.070338,282.8202515,764.6119488
1824,2045,1464.232864,195.2812793,721.4670224
1825,2045,594.1853551,61.78401587,271.9861104
1826,2045,118.1771197,3.744911104,35.43102614
1827,2045,107.5332557,7.597660909,61.55364128
1828,2045,194.5605664,1.454159251,127.0025453
1829,2045,74.58370855,0.438622289,46.93619554
1830,2045,308.8622861,41.74526486,152.1550431
1831,2045,734.1828787,91.01327237,339.5811977
1832.01,2045,5577.026277,1061.187976,2607.09895
1832.02,2045,2152.184398,408.7197903,1008.416267
1832.03,2045,71.80333211,11.06636456,34.11499139
1833.01,2045,2488.860174,354.7433819,1466.649745
1833.02,2045,236.6281205,18.34529359,119.5928941
1833.03,2045,4589.569115,447.192815,2448.170804
1834,2045,970.0051821,138.252419,571.6239823
1835,2045,273.1799613,38.88836811,160.8487639
1836,2045,330.7513731,17.68420681,143.708184
1837,2045,2507.656793,145.1590114,894.9749072
1838.01,2045,1225.991843,71.28563336,454.0556319
1838.02,2045,541.3179678,31.51297468,193.9850176
1839,2045,2375.05448,281.2427755,1485.332599
1840,2045,1037.730783,60.62583845,372.8274581
1841.01,2045,1333.199449,157.5731175,832.4458338
1841.02,2045,4718.323872,549.8977262,2911.646207
1841.03,2045,7234.63108,864.6035426,4559.555801
1841.04,2045,1291.404094,152.3805498,805.2280084
1842.01,2045,5109.013007,610.9543002,3221.596846
1842.02,2045,5496.985693,657.3494808,3466.241278
1843.01,2045,4455.934863,532.8270612,2809.652403
1843.02,2045,8552.458402,1022.334794,5393.16323
1844,2045,2683.055102,320.8494577,1691.857477
1845.01,2045,3379.648749,399.9057721,2120.850286
1845.02,2045,4753.585515,561.5619022,2980.824748
1845.03,2045,3034.383308,362.8625584,1913.394952
1846.01,2045,3006.737725,355.1664837,1885.334526
1846.02,2045,2394.843307,286.3840462,1510.119398
1847.01,2045,5548.754704,335.3283279,2705.461755
1847.02,2045,2921.764946,176.4825636,1424.351953
1848.01,2045,740.7649787,137.2142239,359.3372339
1848.02,2045,5158.746911,869.5444178,2427.335532
1849.01,2045,1861.063622,353.6462278,871.8973934
1849.02,2045,5426.845973,891.7296458,2852.225254
1850,2045,217.3698944,35.95051268,119.4759391
1851.01,2045,4589.417499,173.9342431,3062.816889
1851.02,2045,4821.310058,152.7968555,3130.615237
1852.01,2045,339.0366591,13.44133476,229.1349814
1852.02,2045,528.6440636,19.24335607,355.8279562
1853.01,2045,-325.8862149,-14.49779398,-217.9137525
1853.02,2045,297.1460795,19.80386574,195.9693361
1854.01,2045,352.0085374,15.41928666,237.2441647
1854.02,2045,-412.750133,-18.12790366,-278.2395685
1855,2045,5171.261046,618.388526,3260.854182
1856,2045,294.4222648,4.271113863,264.8478792
1857,2045,981.0358459,2.811514428,923.6230547
1858,2045,1782.906287,206.4558876,926.3420251
1859,2045,401.3125841,10.24884764,241.3689321
1860,2045,1020.119949,38.51724451,733.0486871
1861,2045,1501.195144,140.6638182,937.7451504
1862,2045,152.4178139,0.392734302,120.0964613
1863,2045,303.4197511,1.636120073,258.7755456
1864,2045,1851.54964,7.096783621,1688.67438
1865.01,2045,4656.818533,16.72751656,4126.22077
1865.02,2045,5069.32166,17.06117142,4404.077709
1865.03,2045,740.1917001,2.837127759,675.0870842
1865.04,2045,333.7996027,1.279441689,304.4397829
1866.01,2045,724.1565818,0.961261155,548.1179738
1866.02,2045,17.86538868,0.006745488,14.15205532
1866.03,2045,503.1342557,0.553675114,249.0616818
1867.01,2045,4151.765702,118.6053065,2397.859353
1867.02,2045,1907.367779,0,1061.758176
1868.01,2045,1698.041936,98.29258124,606.0236616
1868.02,2045,3082.642042,177.9330205,1100.301066
1868.03,2045,2013.159919,116.8974117,720.1023187
1869.01,2045,2555.768077,2.106183324,979.2430782
1869.02,2045,5944.724314,174.4731472,2233.011608
1870,2045,1559.388134,0.044767811,581.3872774
1871,2045,360.4249426,25.95118348,203.8255741
1872,2045,251.1763521,4.806451019,232.5945252
1873,2045,499.7953921,124.9242398,195.026959
1874,2045,1420.305606,311.3301207,562.1652442
1875,2045,7.986718016,0.239085215,6.726470348
1876,2045,1031.350216,147.8282746,633.6078015
1877,2045,144.9722942,18.81779208,54.57216682
1878,2045,465.2037181,66.73886432,284.0504864
1879,2045,1980.71134,103.2498552,1083.834127
1880,2045,1229.539302,135.5925648,629.9080143
1881,2045,2397.86595,132.2183533,1337.776311
1882,2045,209.8811434,0.25563814,193.0368456
1883,2045,98.47780146,0.185674475,90.83393742
1884,2045,168.6404658,9.946421732,133.266207
1885,2045,377.3867266,11.15381121,275.031312
1886,2045,66.7034242,2.66753605,42.78742209
1887,2045,121.8088885,22.63986719,91.41367857
1888,2045,349.2155772,49.77466359,205.7946328
1889,2045,1318.161868,187.8810915,776.6090032
1890,2045,78.60769387,19.72582538,30.98582711
1891,2045,119.0809633,5.376838513,38.66296297
1892,2045,105.6982091,0.024246111,81.95110132
1893,2045,50.60640879,12.47113586,20.55569757
1894,2045,82.50903035,21.07141991,32.22711795
1895,2045,270.8062588,68.89097367,106.0212529
1896,2045,129.5976182,5.975089543,55.28259494
1897,2045,97.35970285,0.058512107,86.86750871
1898,2045,132.9091109,6.141213794,56.65854928
1899,2045,52.51125197,0.067771228,34.6335483
1900,2045,115.9692057,0.098912857,107.5650807
1901.01,2045,743.7194888,292.321656,313.2931134
1901.02,2045,1559.913616,613.129733,657.116293
1901.03,2045,951.2912609,373.9084977,400.7330793
1902,2045,9132.987591,479.9922032,4096.877692
1903,2045,256.3652276,41.04045589,82.5821529
1904,2045,350.3940582,137.7236618,147.6040995
1905,2045,657.4460057,120.4530633,311.3489887
1906.01,2045,263.8841266,71.23952929,79.41272594
1906.02,2045,273.1917936,44.11786777,107.7203333
1907,2045,318.0513841,84.63575173,118.4021158
1908,2045,1862.160165,392.8081132,784.6658572
1909,2045,106.6417983,12.32247327,64.01758938
1910,2045,76.38899989,35.22681428,21.429003
1911,2045,706.7099308,324.9416125,199.2970654
1912,2045,292.1512332,129.030429,93.72523694
1913,2045,290.1864731,1.307503127,223.8703364
1914,2045,358.0451948,1.000661391,243.0668521
1915,2045,82.49379801,0.279555413,70.4327772
1916,2045,203.4994627,7.047936065,164.6858438
1917,2045,245.5612418,80.33789077,115.7131982
1918,2045,351.24891,54.20683374,218.568064
1919,2045,594.6825277,1.581413273,454.0761006
1920,2045,5514.80115,294.0572862,3369.169237
1921,2045,22.94341398,0.102713499,19.21654785
1922,2045,113.7910072,0,104.3352651
1923,2045,23.58161275,0,18.75583942
1924,2045,339.7443271,27.13504991,218.7469871
1925,2045,216.8107684,71.80464192,96.94924994
1926,2045,24.41284586,0,20.94693628
1927,2045,460.3788718,160.6292993,195.7453228
1928,2045,803.1630461,45.83674521,507.1728579
1929,2045,106.278065,5.587263853,58.13456379
1930,2045,154.9029873,7.619052727,79.2025618
1931,2045,1103.709856,29.82809418,196.6799208
1932,2045,35.18213135,0.428630344,28.28201197
1933,2045,1111.530151,31.60267989,916.3426073
1934,2045,215.5670356,6.452270792,181.2095443
1935,2045,1165.710647,164.850394,558.2038518
1936,2045,1033.308664,123.6746136,474.8865228
1937,2045,814.2224978,81.22277025,479.2051375
1938,2045,3815.681727,247.3643396,2139.874299
1939,2045,1447.838497,111.5268244,891.9336034
1940,2045,1108.555787,583.5243511,123.3591442
1941,2045,297.4633611,8.530455521,152.9803787
1942,2045,124.1886095,16.07882909,85.39628818
1943.01,2045,27.94176682,11.15310697,12.55798896
1943.02,2045,15.24172197,6.067564478,6.868482989
1943.03,2045,35.95725038,12.86097646,16.48284013
1944.01,2045,180.1890592,42.50092217,49.32849358
1944.02,2045,118.2593283,27.56259792,30.74470758
1944.03,2045,206.6108511,83.44140242,45.76461637
1944.04,2045,100.0062404,70.32139093,15.13062715
1944.05,2045,508.2033951,354.8927212,79.52949999
1944.06,2045,100.6407104,28.41453459,25.22047928
1945.01,2045,126.2838614,72.94796589,31.2465382
1945.02,2045,715.7988937,413.68735,177.2714993
1945.03,2045,621.2533067,358.7049397,152.4207846
1946,2045,295.2750469,169.0623417,72.69378313
1947,2045,801.7879619,244.1144339,377.0039393
1948,2045,1148.85346,112.8700812,830.7284109
1949,2045,211.0026088,0.056759842,197.9450745
1950,2045,455.7393235,206.6777146,144.3731942
1951,2045,91.99144515,6.248135448,49.09369206
1952,2045,1604.692061,386.500555,698.8172898
1953,2045,141.0521629,0.094194673,108.778909
1954,2045,471.1561339,7.397926369,402.8609504
1955,2045,154.2152083,17.72517327,65.93471736
1956,2045,433.2839645,45.49933304,190.8045995
1957,2045,1600.693299,75.72596902,1210.563681
1958,2045,399.6250901,104.3192483,88.76190704
1959,2045,421.5079587,0.780196441,276.3814815
1960,2045,3008.008449,6.317127903,2354.744106
1961,2045,651.3923985,224.9749155,170.4283539
1962,2045,438.6278893,231.0444736,79.04643298
1963,2045,432.943602,147.0367327,186.8997607
1964,2045,101.7916037,0.129028432,79.7562617
1965,2045,2500.878667,7.983494104,1933.606038
1966.01,2045,298.17772,5.430244974,38.11999403
1966.02,2045,527.1173521,10.78719849,65.66405406
1967,2045,765.8426297,27.04230338,79.81019199
1968.01,2045,762.5237214,13.65773217,539.0479566
1968.02,2045,752.924107,16.38461529,451.7810043
1969.01,2045,1175.032396,51.29652085,576.0486728
1969.02,2045,2000.427639,87.43413516,980.1809536
1970,2045,829.3647388,6.799335457,209.1208717
1971,2045,5310.324352,229.993395,2636.959708
1972.01,2045,1018.263645,2.53861896,812.1105305
1972.02,2045,1620.944986,3.586393073,1295.344499
1972.03,2045,50.8939114,0.870266731,38.81181066
1972.04,2045,3207.217729,8.153212256,3125.47314
1973.01,2045,1031.900229,48.98629307,504.2991632
1973.02,2045,2820.447624,127.5660541,1382.098611
1973.03,2045,848.0172909,37.07246782,416.1069956
1973.04,2045,1404.133187,61.42305494,688.8434484
1974,2045,7328.62364,17.57985417,7024.487141
1975,2045,1906.439457,29.83995923,1590.391591
1976,2045,1009.126653,45.32694504,806.0434107
1977,2045,155.6789207,1.193435352,69.4502767
1978,2045,270.2825357,1.364197717,213.9950404
1979,2045,206.3799362,4.208851638,174.4690786
1980,2045,88.39093687,0.249015822,65.21610586
1981,2045,1867.381166,10.19047379,1747.581886
1982,2045,296.2619421,131.8588348,121.3329205
1983,2045,637.9802376,26.15659943,260.7647618
1984,2045,786.2518186,238.7605074,201.319148
1985,2045,2401.414332,99.35419533,984.101324
1986,2045,1513.046719,248.2901066,902.212923
1987,2045,633.1329362,111.4270884,105.8937498
1988,2045,42.12476824,1.332605911,9.92365274
1989.01,2045,1417.87116,26.89553702,448.8812671
1989.02,2045,941.5107411,18.92716663,52.72948921
1989.03,2045,152.3984714,3.062532591,7.757069881
1990,2045,1888.354553,52.51580514,1295.172163
1991,2045,701.0043746,16.53262958,484.7343137
1992,2045,104.5858805,9.346566177,59.45853335
1993,2045,20.60022456,0.583627315,16.95653692
1994,2045,527.8916727,127.1481018,229.8883091
1995,2045,89.11037866,16.92242471,27.42566701
1996,2045,641.3487976,9.031292179,553.451966
1997,2045,1874.15866,24.58259128,1444.251244
1998,2045,1436.089754,254.4417248,612.6875822
1999,2045,570.7800221,240.6862917,158.7660004
2000,2045,124.6846617,7.019989078,52.24997459
2001,2045,625.9507726,258.7004958,183.9286627
2002,2045,639.5939045,84.49386356,411.9493448
2003,2045,899.657702,331.8225687,334.2494608
2004,2045,954.7220001,14.96942573,721.2224972
2005,2045,10197.50397,90.61712916,9285.77903
2006.01,2045,1524.640923,104.4708274,341.9045259
2006.02,2045,139.315696,9.546133655,31.24189196
2007,2045,2158.356944,149.4393904,631.0508063
2008,2045,456.2269117,52.24951417,238.07411
2009,2045,1300.125234,44.43763343,932.5542818
2010,2045,379.5548194,238.1566488,47.93370943
2011,2045,373.6641583,41.30247654,95.31432716
2012.01,2045,464.7720775,83.83147315,265.8929325
2012.02,2045,207.416975,53.53581854,109.6390627
2013.01,2045,28980.7433,260.4990736,26352.02535
2013.02,2045,4208.724009,42.5303014,3816.634883
2014,2045,765.466849,255.7473009,144.9040143
2015,2045,1090.006463,203.6078321,575.2253616
2016,2045,163.5813891,30.76245218,85.96353387
2017,2045,535.620849,104.5562506,272.2031829
2018.01,2045,234.3432823,58.42460478,66.54988094
2018.02,2045,340.0569215,84.78028918,96.57092543
2018.03,2045,97.88553572,24.42404201,27.8256468
2019,2045,913.7593283,330.4247057,140.9384154
2020,2045,854.2156277,53.26083842,700.3792136
2021,2045,1025.47162,202.4555975,446.2814076
2022,2045,343.789094,82.89698976,106.3616239
2023,2045,458.4231064,8.426363204,393.4692078
2024,2045,300.915976,2.687429515,231.2144109
2025.01,2045,127.6017862,18.86372264,84.51336777
2025.02,2045,223.3083754,57.93360196,125.8276753
2025.03,2045,3222.836225,29.10010135,2488.058666
2026,2045,802.2604779,310.1095847,380.0919783
2027,2045,1549.204807,594.6263012,728.2134053
2028,2045,5423.613922,2097.071011,2568.712139
2029,2045,-33.73697103,-20.26546277,-5.564268246
2030,2045,592.2790334,371.5783979,74.79441862
2031,2045,926.4976332,25.62745015,672.605397
2032,2045,3393.636709,218.9888543,2334.847388
2033,2045,1632.422225,477.5812601,393.8030024
2034,2045,1337.513246,144.9580207,741.3985557
2035,2045,1193.197954,87.12318776,550.7913723
2036.01,2045,270.863464,13.39937375,210.5969486
2036.02,2045,32.16577542,8.013592149,3.825665207
2036.03,2045,79.51005163,3.887863359,61.11298715
2037,2045,100.6629856,0.013541277,76.44944635
2038,2045,1197.030741,344.7789645,396.7390745
2039,2045,727.0804307,167.9628339,212.7032004
2040,2045,1389.953877,590.3744202,190.4138318
2041,2045,218.9744202,1.101605667,51.56062997
2042,2045,383.2033676,5.823237202,172.6935773
2043,2045,76.82576741,12.35493973,39.25958842
2044.01,2045,1245.045308,501.5010459,319.3196327
2044.02,2045,422.9865248,205.6109614,83.62003403
2045,2045,6698.925949,3246.251396,1347.961973
2046,2045,298.8934978,86.70114485,95.25049073
2047.01,2045,217.0945771,45.37019772,120.8727672
2047.02,2045,106.3152294,31.6705179,50.56468755
2048,2045,48.85438937,20.00970181,16.77690047
2049,2045,140.8159855,1.880529321,68.72645175
2050,2045,58.9295992,0,54.50660756
2051,2045,82.31466688,0.541154101,47.91653597
2052,2045,783.9672093,277.120439,319.6784866
2053,2045,622.1231725,29.99048754,120.3666593
2054,2045,38.10022046,13.93801451,7.939633091
2055,2045,844.5840624,39.56298647,170.301978
2056,2045,244.3029682,11.1761557,51.47164966
2057,2045,111.3052542,0.644105226,100.4800104
2058,2045,151.5853952,15.24621215,94.75512246
2059,2045,583.7978879,115.8390544,180.3025122
2060,2045,598.6791259,202.9474112,257.1006061
2061.01,2045,77.2608955,17.66782349,12.74839251
2061.02,2045,59.55238739,12.5585112,6.468064016
2062.01,2045,504.6125107,67.69203123,234.7738102
2062.02,2045,819.0596118,178.1994886,328.529767
2062.03,2045,701.2545781,157.9409977,280.2369134
2063.01,2045,187.4535576,20.37065716,102.7321972
2063.02,2045,267.0212403,56.28801351,28.94812123
2064,2045,1566.555429,874.5530317,430.7661017
2065,2045,1647.645658,109.5299306,1511.383619
2066.01,2045,-43.06833833,-1.08800361,-29.14259741
2066.02,2045,818.8117522,75.79477238,490.262918
2067,2045,856.0221803,91.21299993,547.8288677
2068,2045,245.6842501,3.59990232,153.2836568
2069.01,2045,1672.612336,68.53572063,1507.335074
2069.02,2045,571.68281,3.127906871,552.2204854
2070,2045,499.6763984,182.2593664,223.3951061
2071,2045,102.0079897,4.334038811,65.58805688
2072,2045,302.5372467,44.73708785,149.434712
2073.01,2045,254.3697606,40.79723181,112.510734
2073.02,2045,86.02916802,13.81942531,36.29357828
2073.03,2045,473.2772707,51.69832811,245.1209461
2074.01,2045,449.0836543,99.14265033,187.0271621
2074.02,2045,327.676296,71.27207051,161.9286537
2075.01,2045,1120.134771,487.283298,250.4266063
2075.02,2045,1909.436382,1187.848877,166.5883581
2076.01,2045,538.9211207,241.6037346,114.8499842
2076.02,2045,744.5163141,509.7135246,36.55557692
2076.03,2045,86.22022433,37.50769671,19.27610742
2077,2045,548.7989041,1.351851459,55.23205416
2078,2045,35.5110005,0.009546659,32.11127137
2079.01,2045,200.2081765,53.5606644,60.34603567
2079.02,2045,611.802204,97.58196191,303.8743752
2080.01,2045,115.5339215,16.6680308,61.66852353
2080.02,2045,37.43480615,3.062073727,27.57647024
2080.03,2045,31.27129401,1.152100306,23.53576338
2080.04,2045,74.09699225,18.86183742,21.43087665
2081,2045,1100.921768,172.4214733,784.4714985
2082,2045,353.9347439,54.567531,138.0105348
2083,2045,416.4576277,153.3300278,150.1410778
2084,2045,156.4106615,42.68219303,78.87643481
2085.01,2045,1538.850814,501.9856814,507.1030824
2085.02,2045,319.807006,84.28352938,111.5134346
2086.01,2045,439.4003112,27.12269474,255.1701876
2086.02,2045,91.18162267,3.939021347,54.89794163
2086.03,2045,59.70350884,2.467213265,36.01323956
2087,2045,392.0559832,17.57454157,235.3060799
2088,2045,422.385581,13.62704422,284.7846287
2089.01,2045,619.1457196,11.05600707,524.4776493
2089.02,2045,1333.771278,29.10645808,1123.259507
2089.03,2045,810.8940561,9.915172125,698.3220789
2089.04,2045,1689.859673,24.93938692,1435.365391
2090,2045,472.8750765,9.07007744,380.8909723
2091,2045,325.5028298,56.90974214,62.69270905
2092,2045,38.05163436,0.004632909,4.495292562
2093,2045,140.9903286,17.15912477,20.374813
2094,2045,32.61738477,0.022729397,4.414575651
2095,2045,100.447569,0.080514556,11.84673874
2096.01,2045,58.22779027,0.386148922,41.09012723
2096.02,2045,356.0963486,86.39680878,110.2917262
2097,2045,147.5966151,19.77251616,76.61198967
2098,2045,932.5217773,51.62909289,436.0651451
2099.01,2045,358.5597192,3.482347594,224.3863673
2099.02,2045,849.6757396,12.59871387,500.8415345
2100,2045,431.5299559,1.888723708,288.7417464
2101,2045,1071.29872,37.49347772,485.6757918
2102,2045,814.6345303,47.67159344,282.6702722
2103,2045,16.43551903,0.290168986,9.08147167
2104,2045,58.96875787,6.195038543,7.968284732
2105,2045,87.92331385,9.238073016,11.89396469
2106,2045,957.4858623,35.60592692,465.3674702
2107,2045,4.393414477,0.037125672,2.636720866
2108,2045,2853.070585,81.86210613,1085.573342
2109,2045,55.64599699,5.817500946,7.702843567
2110,2045,481.5780761,13.81702766,183.2232896
2111.01,2045,612.5307943,17.59633345,233.5138221
2111.02,2045,625.0587672,27.16668079,413.2145312
2112.01,2045,252.124794,12.41757241,194.5159819
2112.02,2045,78.46098063,3.899651125,61.14652964
2112.03,2045,994.4209327,49.42449964,774.9761543
2112.04,2045,1690.210625,85.79479035,1315.094707
2112.05,2045,44.0516178,17.61124063,17.14627319
2112.06,2045,1043.840518,58.47245901,806.1586703
2113,2045,40.1850044,0.867200334,29.11132696
2114.01,2045,198.0312966,5.681145875,75.41977624
2114.02,2045,388.0675787,11.31645595,157.9206528
2114.03,2045,296.8407316,17.60634449,93.34260376
2115.01,2045,217.6350442,7.561628302,56.70540273
2115.02,2045,754.8199398,60.78024555,153.9080949
2116.01,2045,1931.735982,57.31973646,734.4745662
2116.02,2045,360.1674051,10.32824287,137.0931548
2117.01,2045,2300.919694,66.00705077,875.3108906
2117.02,2045,317.6152811,9.113616021,121.8626294
2118,2045,2417.97935,224.2879033,831.6425512
2119,2045,2626.666691,243.8662298,903.19069
2120,2045,2236.571121,206.6770172,769.5791974
2121,2045,5989.787599,555.4352037,2060.366009
2122,2045,1689.339991,75.58676667,931.3963848
2123,2045,6879.250719,529.4245352,2718.085481
2124,2045,61.37783237,4.6483125,22.71971555
2125,2045,299.9417265,43.68568416,48.59069999
2126,2045,416.0179168,22.61294338,232.2179627
2127,2045,86.24955534,0.361731929,77.7163836
2128,2045,381.1933346,119.307629,114.2275376
2129,2045,70.54573496,0.866435829,53.01822584
2130,2045,100.7219345,0.542351571,93.65966791
2131,2045,338.5151739,65.01142389,158.0069785
2132,2045,307.8478002,14.38519811,150.7539428
2133,2045,153.8601931,5.304393754,88.30279978
2134,2045,77.82586057,1.54567634,53.5226686
2135,2045,469.4685907,187.2075405,154.4190808
2136,2045,242.5355342,1.101891127,197.6189371
2137,2045,139.1924766,11.96576109,77.37542914
2138,2045,1065.077524,253.2030147,554.7421756
2139,2045,589.6522194,176.3167752,235.6404742
2140,2045,1058.705817,354.6550516,255.7607007
2141,2045,203.9643651,2.757765209,160.9249412
2142,2045,1661.725277,519.3903443,653.2831012
2143,2045,99.95824347,4.378737815,66.38014928
2144,2045,1031.70533,104.4212557,577.493448
2145,2045,1192.500473,156.5958449,809.0533317
2146,2045,142.8049571,10.470467,69.46158148
2147,2045,301.0328727,173.0162122,86.71442232
2148,2045,129.5547137,5.351225394,115.3911762
2149,2045,96.85793612,0.002699805,84.93038437
2150,2045,1221.026879,305.6336071,514.8794925
2151,2045,40.75456868,3.804142365,31.82640348
2152,2045,47.18085002,0.08136655,25.03284213
2153,2045,92.8749028,3.179179908,24.87088747
2154,2045,156.9463736,5.384198849,41.86198137
2155,2045,81.57107612,1.228147643,66.01127428
2156,2045,94.87747212,1.310218212,60.89073813
2157,2045,80.06724635,1.033465848,50.82122909
2158,2045,87.00340551,2.245860451,45.8526821
2159,2045,100.7531009,15.14165596,46.01546502
