Geo,Year,SFDU,MFDU,GQDU
1611,2019,254,537,1
1612,2019,294,622,1
1613,2019,101,207,1
1614,2019,199,166,1
1615,2019,21,321,1
1616,2019,6,127,1
1617,2019,20,303,1
1618,2019,596,3986,1
1619,2019,12,179,1
1620,2019,6,97,1
1621,2019,5,261,1
1622,2019,13,202,1
1623,2019,9,487,1
1624,2019,5,270,1
1625,2019,9,535,1
1626,2019,14,528,1
1627,2019,28,559,1
1628.01,2019,30,62,1
1628.02,2019,28,57,1
1628.03,2019,56,114,1
1629,2019,76,158,1
1630.01,2019,43,364,1
1630.02,2019,22,187,1
1631,2019,21,163,1
1632.01,2019,144,226,1
1632.02,2019,140,220,1
1632.03,2019,116,181,1
1632.04,2019,75,118,1
1633,2019,15,31,1
1634,2019,76,120,1
1635,2019,271,966,1
1636,2019,112,958,1
1637,2019,1135,131,1
1638.01,2019,796,89,1
1638.02,2019,398,191,1
1639.01,2019,86,116,1
1639.02,2019,143,201,1
1640,2019,252,354,1
1641,2019,273,393,1
1642,2019,684,242,1
1643,2019,581,1292,1
1644,2019,19,165,1
1645,2019,489,170,1
1646,2019,356,472,1
1647.01,2019,914,320,1
1647.02,2019,161,58,1
1648,2019,71,301,1
1649,2019,426,358,1
1650,2019,393,522,1
1651,2019,36,267,1
1652.01,2019,309,219,1
1652.02,2019,934,640,1
1653,2019,95,818,1
1654.01,2019,38,274,1
1654.02,2019,33,244,1
1655,2019,555,1464,1
1656,2019,946,1299,1
1657,2019,419,559,1
1658,2019,95,240,1
1659,2019,28,1091,1
1660,2019,167,179,1
1661,2019,26,963,1
1662.01,2019,90,182,1
1662.02,2019,147,295,1
1662.03,2019,86,175,1
1663,2019,319,1002,1
1664,2019,135,705,1
1665.01,2019,841,1715,1
1665.02,2019,130,594,1
1666,2019,91,782,1
1667,2019,65,565,1
1668,2019,71,620,1
1669,2019,39,750,1
1670,2019,41,786,1
1671,2019,231,1299,1
1672.01,2019,149,766,1
1672.02,2019,36,180,1
1673.01,2019,43,15,1
1673.02,2019,138,50,1
1673.03,2019,254,85,1
1674,2019,146,1422,1
1675.01,2019,405,135,1
1675.02,2019,183,62,1
1676.01,2019,123,41,1
1676.02,2019,273,91,1
1676.03,2019,154,51,1
1677,2019,0,0,1
1678,2019,57,97,1
1679,2019,58,99,1
1680,2019,4,7,1
1681,2019,52,80,1
1682.01,2019,22,37,1
1682.02,2019,16,28,1
1683,2019,75,129,1
1684,2019,59,100,1
1685,2019,32,55,1
1686,2019,210,359,1
1687,2019,10,500,1
1688.01,2019,22,38,1
1688.02,2019,47,81,1
1688.03,2019,23,39,1
1689.01,2019,16,28,1
1689.02,2019,27,45,1
1689.03,2019,25,43,1
1690.01,2019,27,47,1
1690.02,2019,24,42,1
1691,2019,27,52,1
1692,2019,137,289,1
1693,2019,144,309,1
1694,2019,358,731,1
1695,2019,702,1478,1
1696,2019,750,13,1
1697,2019,1057,1146,1
1698,2019,15,32,1
1699,2019,588,2460,1
1700,2019,26,610,1
1701,2019,20,462,1
1702,2019,10,128,1
1703,2019,107,36,1
1704.01,2019,96,32,1
1704.02,2019,77,26,1
1704.03,2019,49,16,1
1705,2019,312,298,1
1706,2019,586,1271,1
1707,2019,147,1661,1
1708,2019,13,420,1
1709,2019,16,260,1
1710,2019,15,257,1
1711,2019,10,285,1
1712,2019,23,383,1
1713,2019,24,394,1
1714,2019,27,447,1
1715,2019,17,577,1
1716,2019,5,120,1
1717,2019,66,1296,1
1718,2019,15,371,1
1719,2019,34,831,1
1720,2019,114,155,1
1721,2019,218,297,1
1722,2019,102,147,1
1723,2019,172,236,1
1724,2019,277,650,1
1725.01,2019,18,25,1
1725.02,2019,29,40,1
1726.01,2019,21,33,1
1726.02,2019,16,28,1
1727,2019,37,150,1
1728.01,2019,148,111,1
1728.02,2019,158,128,1
1729.01,2019,25,104,1
1729.02,2019,20,82,1
1730.01,2019,160,120,1
1730.02,2019,175,142,1
1731.01,2019,199,169,1
1731.02,2019,198,168,1
1731.03,2019,99,83,1
1732,2019,1844,1614,1
1733,2019,572,1183,1
1734,2019,931,1377,1
1735,2019,51,1082,1
1736,2019,333,1118,1
1737,2019,339,553,1
1738,2019,235,358,1
1739.01,2019,182,153,1
1739.02,2019,111,93,1
1739.03,2019,128,108,1
1740,2019,461,476,1
1741.01,2019,196,167,1
1741.02,2019,91,77,1
1741.03,2019,159,136,1
1742.01,2019,86,129,1
1742.02,2019,61,88,1
1743,2019,139,202,1
1744.01,2019,13,91,1
1744.02,2019,4,27,1
1745,2019,49,213,1
1746,2019,405,278,1
1747,2019,785,656,1
1748,2019,655,631,1
1749,2019,116,39,1
1750.01,2019,538,166,1
1750.02,2019,101,33,1
1750.03,2019,215,66,1
1751,2019,1113,302,1
1752.01,2019,705,465,1
1752.02,2019,819,333,1
1753.01,2019,52,17,1
1753.02,2019,113,38,1
1753.03,2019,73,24,1
1754.01,2019,71,24,1
1754.02,2019,103,34,1
1754.03,2019,66,22,1
1755,2019,146,49,1
1756,2019,339,114,1
1757,2019,70,651,1
1758,2019,57,559,1
1759,2019,49,713,1
1760,2019,87,832,1
1761,2019,520,761,1
1762,2019,60,882,1
1763,2019,32,675,1
1764,2019,32,694,1
1765,2019,11,502,1
1766,2019,21,769,1
1767,2019,498,1115,1
1768,2019,1100,1209,1
1769,2019,495,1590,1
1770.01,2019,0,44,1
1770.02,2019,0,22,1
1771,2019,213,618,1
1772,2019,257,991,1
1773,2019,0,66,1
1774,2019,1,338,1
1775,2019,21,530,1
1776,2019,5,67,1
1777,2019,9,363,1
1778,2019,152,849,1
1779,2019,243,1352,1
1780,2019,13,581,1
1781,2019,4,177,1
1782,2019,8,383,1
1783,2019,25,504,1
1784,2019,235,328,1
1785,2019,75,112,1
1786,2019,210,313,1
1787,2019,177,266,1
1788,2019,29,547,1
1789,2019,116,436,1
1790,2019,492,878,1
1791,2019,114,277,1
1792,2019,32,171,1
1793.01,2019,18,112,1
1793.02,2019,6,37,1
1794,2019,318,8,1
1795,2019,243,361,1
1796.01,2019,109,167,1
1796.02,2019,229,353,1
1796.03,2019,379,249,1
1797.01,2019,74,114,1
1797.02,2019,89,139,1
1797.03,2019,40,62,1
1798.01,2019,40,252,1
1798.02,2019,29,184,1
1798.03,2019,35,217,1
1798.04,2019,30,174,1
1799,2019,52,443,1
1800.01,2019,205,310,1
1800.02,2019,124,192,1
1800.03,2019,206,310,1
1800.04,2019,45,68,1
1800.05,2019,192,289,1
1800.06,2019,93,141,1
1801,2019,12,67,1
1802,2019,569,657,1
1803,2019,174,201,1
1804,2019,276,321,1
1805,2019,269,1102,1
1806,2019,88,337,1
1807,2019,385,884,1
1808,2019,555,649,1
1809,2019,135,156,1
1810,2019,905,828,1
1811,2019,233,507,1
1812,2019,240,220,1
1813,2019,75,68,1
1814.01,2019,274,68,1
1814.02,2019,207,82,1
1815,2019,174,195,1
1816,2019,112,756,1
1817.01,2019,524,129,1
1817.02,2019,144,35,1
1817.03,2019,338,83,1
1818,2019,114,205,1
1819,2019,121,218,1
1820,2019,162,418,1
1821,2019,159,959,1
1822,2019,78,503,1
1823,2019,158,1215,1
1824,2019,140,710,1
1825,2019,28,271,1
1826,2019,122,475,1
1827,2019,36,581,1
1828,2019,20,547,1
1829,2019,5,124,1
1830,2019,45,393,1
1831,2019,369,499,1
1832.01,2019,42,57,1
1832.02,2019,70,94,1
1832.03,2019,17,23,1
1833.01,2019,1,28,1
1833.02,2019,21,28,1
1833.03,2019,6,16,1
1834,2019,11,272,1
1835,2019,3,74,1
1836,2019,32,111,1
1837,2019,196,36,1
1838.01,2019,117,29,1
1838.02,2019,44,8,1
1839,2019,74,13,1
1840,2019,155,28,1
1841.01,2019,41,7,1
1841.02,2019,45,8,1
1841.03,2019,89,16,1
1841.04,2019,41,7,1
1842.01,2019,153,28,1
1842.02,2019,54,10,1
1843.01,2019,88,16,1
1843.02,2019,220,40,1
1844,2019,89,16,1
1845.01,2019,49,11,1
1845.02,2019,83,19,1
1845.03,2019,55,10,1
1846.01,2019,119,27,1
1846.02,2019,72,13,1
1847.01,2019,393,277,1
1847.02,2019,331,233,1
1848.01,2019,48,65,1
1848.02,2019,63,67,1
1849.01,2019,31,42,1
1849.02,2019,51,48,1
1850,2019,43,59,1
1851.01,2019,48,331,1
1851.02,2019,259,671,1
1852.01,2019,3,22,1
1852.02,2019,11,46,1
1853.01,2019,7,65,1
1853.02,2019,14,44,1
1854.01,2019,3,21,1
1854.02,2019,7,54,1
1855,2019,154,28,1
1856,2019,77,138,1
1857,2019,305,536,1
1858,2019,2138,1012,1
1859,2019,193,44,1
1860,2019,158,77,1
1861,2019,213,604,1
1862,2019,160,453,1
1863,2019,293,1013,1
1864,2019,169,145,1
1865.01,2019,117,97,1
1865.02,2019,67,53,1
1865.03,2019,68,58,1
1865.04,2019,30,26,1
1866.01,2019,155,78,1
1866.02,2019,171,86,1
1866.03,2019,156,128,1
1867.01,2019,401,194,1
1867.02,2019,128,65,1
1868.01,2019,154,28,1
1868.02,2019,214,41,1
1868.03,2019,183,33,1
1869.01,2019,167,144,1
1869.02,2019,139,102,1
1870,2019,254,224,1
1871,2019,43,375,1
1872,2019,155,549,1
1873,2019,22,77,1
1874,2019,217,376,1
1875,2019,9,34,1
1876,2019,33,215,1
1877,2019,5,53,1
1878,2019,14,96,1
1879,2019,43,119,1
1880,2019,76,913,1
1881,2019,234,643,1
1882,2019,31,557,1
1883,2019,235,650,1
1884,2019,43,681,1
1885,2019,8,224,1
1886,2019,9,238,1
1887,2019,17,270,1
1888,2019,4,96,1
1889,2019,15,374,1
1890,2019,7,180,1
1891,2019,41,508,1
1892,2019,41,446,1
1893,2019,4,109,1
1894,2019,8,205,1
1895,2019,23,592,1
1896,2019,6,188,1
1897,2019,9,274,1
1898,2019,4,121,1
1899,2019,8,219,1
1900,2019,15,281,1
1901.01,2019,121,44,1
1901.02,2019,215,78,1
1901.03,2019,116,42,1
1902,2019,478,303,1
1903,2019,456,1084,1
1904,2019,63,23,1
1905,2019,1832,1337,1
1906.01,2019,164,137,1
1906.02,2019,65,53,1
1907,2019,185,31,1
1908,2019,1716,646,1
1909,2019,58,9,1
1910,2019,67,24,1
1911,2019,613,226,1
1912,2019,197,72,1
1913,2019,372,414,1
1914,2019,304,338,1
1915,2019,48,761,1
1916,2019,43,529,1
1917,2019,19,292,1
1918,2019,181,1183,1
1919,2019,248,1477,1
1920,2019,177,672,1
1921,2019,49,224,1
1922,2019,115,677,1
1923,2019,34,129,1
1924,2019,157,514,1
1925,2019,44,175,1
1926,2019,39,159,1
1927,2019,51,194,1
1928,2019,155,202,1
1929,2019,21,128,1
1930,2019,41,414,1
1931,2019,642,1346,1
1932,2019,155,387,1
1933,2019,316,410,1
1934,2019,182,235,1
1935,2019,865,1035,1
1936,2019,332,434,1
1937,2019,228,203,1
1938,2019,414,538,1
1939,2019,288,260,1
1940,2019,429,375,1
1941,2019,27,36,1
1942,2019,3,20,1
1943.01,2019,1,14,1
1943.02,2019,1,11,1
1943.03,2019,3,30,1
1944.01,2019,71,15,1
1944.02,2019,173,34,1
1944.03,2019,233,43,1
1944.04,2019,56,10,1
1944.05,2019,323,66,1
1944.06,2019,124,23,1
1945.01,2019,19,21,1
1945.02,2019,120,134,1
1945.03,2019,156,167,1
1946,2019,96,107,1
1947,2019,70,783,1
1948,2019,74,530,1
1949,2019,64,532,1
1950,2019,170,992,1
1951,2019,86,737,1
1952,2019,298,605,1
1953,2019,88,792,1
1954,2019,199,1489,1
1955,2019,14,82,1
1956,2019,40,221,1
1957,2019,948,271,1
1958,2019,91,26,1
1959,2019,107,811,1
1960,2019,92,539,1
1961,2019,354,701,1
1962,2019,589,1262,1
1963,2019,491,503,1
1964,2019,155,148,1
1965,2019,53,241,1
1966.01,2019,92,90,1
1966.02,2019,163,159,1
1967,2019,364,357,1
1968.01,2019,647,161,1
1968.02,2019,252,62,1
1969.01,2019,128,49,1
1969.02,2019,250,95,1
1970,2019,223,211,1
1971,2019,381,150,1
1972.01,2019,44,41,1
1972.02,2019,62,58,1
1972.03,2019,47,44,1
1972.04,2019,109,105,1
1973.01,2019,114,44,1
1973.02,2019,163,61,1
1973.03,2019,102,39,1
1973.04,2019,132,51,1
1974,2019,573,541,1
1975,2019,296,1092,1
1976,2019,567,1239,1
1977,2019,120,544,1
1978,2019,225,1392,1
1979,2019,149,1768,1
1980,2019,113,1106,1
1981,2019,202,932,1
1982,2019,1552,1269,1
1983,2019,22,179,1
1984,2019,102,827,1
1985,2019,131,1040,1
1986,2019,770,2732,1
1987,2019,109,816,1
1988,2019,42,460,1
1989.01,2019,451,1534,1
1989.02,2019,28,95,1
1989.03,2019,17,57,1
1990,2019,1113,1011,1
1991,2019,99,96,1
1992,2019,46,45,1
1993,2019,7,18,1
1994,2019,39,79,1
1995,2019,12,35,1
1996,2019,296,800,1
1997,2019,31,241,1
1998,2019,408,1216,1
1999,2019,199,324,1
2000,2019,386,633,1
2001,2019,234,370,1
2002,2019,580,188,1
2003,2019,669,466,1
2004,2019,20,103,1
2005,2019,16,118,1
2006.01,2019,337,293,1
2006.02,2019,40,35,1
2007,2019,1265,1298,1
2008,2019,62,890,1
2009,2019,97,287,1
2010,2019,81,82,1
2011,2019,96,624,1
2012.01,2019,30,162,1
2012.02,2019,13,47,1
2013.01,2019,58,342,1
2013.02,2019,12,60,1
2014,2019,306,533,1
2015,2019,194,338,1
2016,2019,29,51,1
2017,2019,32,55,1
2018.01,2019,30,25,1
2018.02,2019,60,50,1
2018.03,2019,59,49,1
2019,2019,82,140,1
2020,2019,586,508,1
2021,2019,386,323,1
2022,2019,100,84,1
2023,2019,646,550,1
2024,2019,130,131,1
2025.01,2019,91,92,1
2025.02,2019,57,58,1
2025.03,2019,45,46,1
2026,2019,33,33,1
2027,2019,66,66,1
2028,2019,74,75,1
2029,2019,44,44,1
2030,2019,126,128,1
2031,2019,80,231,1
2032,2019,86,230,1
2033,2019,541,1586,1
2034,2019,707,1632,1
2035,2019,252,1162,1
2036.01,2019,171,17,1
2036.02,2019,112,42,1
2036.03,2019,56,2,1
2037,2019,74,654,1
2038,2019,1101,1756,1
2039,2019,170,352,1
2040,2019,99,289,1
2041,2019,75,531,1
2042,2019,127,1282,1
2043,2019,43,311,1
2044.01,2019,1703,461,1
2044.02,2019,167,46,1
2045,2019,306,82,1
2046,2019,28,56,1
2047.01,2019,262,642,1
2047.02,2019,63,54,1
2048,2019,17,683,1
2049,2019,189,1193,1
2050,2019,44,284,1
2051,2019,77,504,1
2052,2019,610,692,1
2053,2019,87,535,1
2054,2019,461,546,1
2055,2019,37,226,1
2056,2019,23,147,1
2057,2019,81,528,1
2058,2019,69,311,1
2059,2019,902,478,1
2060,2019,725,619,1
2061.01,2019,55,26,1
2061.02,2019,224,97,1
2062.01,2019,14,74,1
2062.02,2019,65,179,1
2062.03,2019,145,947,1
2063.01,2019,677,852,1
2063.02,2019,37,16,1
2064,2019,336,126,1
2065,2019,1030,386,1
2066.01,2019,8,12,1
2066.02,2019,372,558,1
2067,2019,300,817,1
2068,2019,206,2251,1
2069.01,2019,326,1069,1
2069.02,2019,29,61,1
2070,2019,407,856,1
2071,2019,18,598,1
2072,2019,210,1234,1
2073.01,2019,569,193,1
2073.02,2019,179,61,1
2073.03,2019,802,1130,1
2074.01,2019,124,46,1
2074.02,2019,39,74,1
2075.01,2019,169,108,1
2075.02,2019,402,256,1
2076.01,2019,570,363,1
2076.02,2019,570,366,1
2076.03,2019,93,59,1
2077,2019,34,533,1
2078,2019,10,175,1
2079.01,2019,77,119,1
2079.02,2019,526,902,1
2080.01,2019,27,44,1
2080.02,2019,44,66,1
2080.03,2019,24,41,1
2080.04,2019,62,105,1
2081,2019,418,479,1
2082,2019,1350,2304,1
2083,2019,247,223,1
2084,2019,134,114,1
2085.01,2019,164,148,1
2085.02,2019,778,701,1
2086.01,2019,14,46,1
2086.02,2019,9,74,1
2086.03,2019,16,50,1
2087,2019,42,323,1
2088,2019,103,1106,1
2089.01,2019,393,5,1
2089.02,2019,54,1,1
2089.03,2019,118,1,1
2089.04,2019,184,93,1
2090,2019,552,78,1
2091,2019,55,326,1
2092,2019,10,87,1
2093,2019,29,241,1
2094,2019,2,65,1
2095,2019,5,243,1
2096.01,2019,97,572,1
2096.02,2019,31,169,1
2097,2019,62,115,1
2098,2019,207,320,1
2099.01,2019,108,206,1
2099.02,2019,146,276,1
2100,2019,404,780,1
2101,2019,99,175,1
2102,2019,223,396,1
2103,2019,6,8,1
2104,2019,70,124,1
2105,2019,108,192,1
2106,2019,1093,1210,1
2107,2019,13,52,1
2108,2019,140,273,1
2109,2019,52,92,1
2110,2019,32,63,1
2111.01,2019,41,80,1
2111.02,2019,150,16,1
2112.01,2019,123,7,1
2112.02,2019,38,1,1
2112.03,2019,25,1,1
2112.04,2019,49,1,1
2112.05,2019,6,0,1
2112.06,2019,31,1,1
2113,2019,39,218,1
2114.01,2019,14,29,1
2114.02,2019,54,351,1
2114.03,2019,44,253,1
2115.01,2019,54,227,1
2115.02,2019,84,421,1
2116.01,2019,100,194,1
2116.02,2019,18,36,1
2117.01,2019,74,146,1
2117.02,2019,23,67,1
2118,2019,64,169,1
2119,2019,66,175,1
2120,2019,52,132,1
2121,2019,26,66,1
2122,2019,165,187,1
2123,2019,15,18,1
2124,2019,3,23,1
2125,2019,264,1651,1
2126,2019,114,1302,1
2127,2019,93,986,1
2128,2019,381,2147,1
2129,2019,105,658,1
2130,2019,144,971,1
2131,2019,76,1205,1
2132,2019,177,1934,1
2133,2019,152,1428,1
2134,2019,103,927,1
2135,2019,138,1795,1
2136,2019,176,1232,1
2137,2019,230,1216,1
2138,2019,504,1602,1
2139,2019,224,955,1
2140,2019,343,1156,1
2141,2019,115,625,1
2142,2019,671,1849,1
2143,2019,30,971,1
2144,2019,282,2102,1
2145,2019,358,1669,1
2146,2019,301,1566,1
2147,2019,213,1716,1
2148,2019,150,801,1
2149,2019,16,258,1
2150,2019,557,2016,1
2151,2019,3,90,1
2152,2019,10,310,1
2153,2019,6,186,1
2154,2019,10,332,1
2155,2019,19,456,1
2156,2019,7,384,1
2157,2019,6,311,1
2158,2019,18,556,1
2159,2019,9,146,1
1611,2045,276,583,1
1612,2045,309,652,1
1613,2045,131,268,1
1614,2045,234,196,1
1615,2045,24,366,1
1616,2045,8,170,1
1617,2045,24,351,1
1618,2045,608,4060,1
1619,2045,16,227,1
1620,2045,10,150,1
1621,2045,6,308,1
1622,2045,17,250,1
1623,2045,9,486,1
1624,2045,5,269,1
1625,2045,9,531,1
1626,2045,14,523,1
1627,2045,31,611,1
1628.01,2045,30,62,1
1628.02,2045,18,36,1
1628.03,2045,81,165,1
1629,2045,96,200,1
1630.01,2045,43,364,1
1630.02,2045,79,668,1
1631,2045,66,507,1
1632.01,2045,69,107,1
1632.02,2045,161,252,1
1632.03,2045,292,455,1
1632.04,2045,89,140,1
1633,2045,15,31,1
1634,2045,269,424,1
1635,2045,271,966,1
1636,2045,121,1027,1
1637,2045,1319,153,1
1638.01,2045,1032,116,1
1638.02,2045,458,220,1
1639.01,2045,86,116,1
1639.02,2045,388,545,1
1640,2045,323,454,1
1641,2045,305,438,1
1642,2045,1149,407,1
1643,2045,601,1336,1
1644,2045,71,610,1
1645,2045,640,223,1
1646,2045,505,669,1
1647.01,2045,622,218,1
1647.02,2045,687,248,1
1648,2045,81,340,1
1649,2045,459,386,1
1650,2045,460,611,1
1651,2045,43,318,1
1652.01,2045,445,316,1
1652.02,2045,897,614,1
1653,2045,102,875,1
1654.01,2045,29,202,1
1654.02,2045,57,416,1
1655,2045,628,1657,1
1656,2045,971,1334,1
1657,2045,534,713,1
1658,2045,124,312,1
1659,2045,31,1176,1
1660,2045,190,204,1
1661,2045,26,961,1
1662.01,2045,85,172,1
1662.02,2045,170,341,1
1662.03,2045,155,315,1
1663,2045,358,1124,1
1664,2045,135,704,1
1665.01,2045,882,1798,1
1665.02,2045,115,524,1
1666,2045,101,860,1
1667,2045,77,666,1
1668,2045,80,696,1
1669,2045,42,804,1
1670,2045,44,839,1
1671,2045,240,1346,1
1672.01,2045,55,279,1
1672.02,2045,126,630,1
1673.01,2045,92,32,1
1673.02,2045,212,77,1
1673.03,2045,332,111,1
1674,2045,153,1482,1
1675.01,2045,453,151,1
1675.02,2045,1002,340,1
1676.01,2045,309,103,1
1676.02,2045,343,115,1
1676.03,2045,188,62,1
1677,2045,0,0,1
1678,2045,57,97,1
1679,2045,58,99,1
1680,2045,4,7,1
1681,2045,52,80,1
1682.01,2045,22,37,1
1682.02,2045,16,28,1
1683,2045,74,127,1
1684,2045,59,100,1
1685,2045,32,55,1
1686,2045,227,389,1
1687,2045,11,545,1
1688.01,2045,22,38,1
1688.02,2045,47,81,1
1688.03,2045,23,39,1
1689.01,2045,16,28,1
1689.02,2045,27,45,1
1689.03,2045,25,43,1
1690.01,2045,27,47,1
1690.02,2045,24,42,1
1691,2045,445,856,1
1692,2045,137,288,1
1693,2045,158,340,1
1694,2045,382,779,1
1695,2045,898,1891,1
1696,2045,919,16,1
1697,2045,1504,1630,1
1698,2045,30,62,1
1699,2045,602,2518,1
1700,2045,29,663,1
1701,2045,23,531,1
1702,2045,16,197,1
1703,2045,157,53,1
1704.01,2045,96,32,1
1704.02,2045,77,26,1
1704.03,2045,1267,414,1
1705,2045,654,625,1
1706,2045,672,1458,1
1707,2045,152,1713,1
1708,2045,15,479,1
1709,2045,20,310,1
1710,2045,19,312,1
1711,2045,13,351,1
1712,2045,28,456,1
1713,2045,27,443,1
1714,2045,30,496,1
1715,2045,20,667,1
1716,2045,7,167,1
1717,2045,66,1283,1
1718,2045,18,426,1
1719,2045,37,904,1
1720,2045,134,182,1
1721,2045,237,323,1
1722,2045,122,175,1
1723,2045,199,273,1
1724,2045,300,703,1
1725.01,2045,178,247,1
1725.02,2045,104,143,1
1726.01,2045,160,251,1
1726.02,2045,41,72,1
1727,2045,276,1117,1
1728.01,2045,605,454,1
1728.02,2045,1618,1311,1
1729.01,2045,182,756,1
1729.02,2045,156,638,1
1730.01,2045,429,322,1
1730.02,2045,341,277,1
1731.01,2045,303,257,1
1731.02,2045,305,259,1
1731.03,2045,779,653,1
1732,2045,2144,1877,1
1733,2045,638,1320,1
1734,2045,1013,1497,1
1735,2045,55,1154,1
1736,2045,350,1174,1
1737,2045,363,591,1
1738,2045,230,351,1
1739.01,2045,217,183,1
1739.02,2045,111,93,1
1739.03,2045,1236,1043,1
1740,2045,849,877,1
1741.01,2045,408,348,1
1741.02,2045,968,820,1
1741.03,2045,159,136,1
1742.01,2045,468,702,1
1742.02,2045,584,842,1
1743,2045,157,229,1
1744.01,2045,31,216,1
1744.02,2045,246,1660,1
1745,2045,59,253,1
1746,2045,508,349,1
1747,2045,812,678,1
1748,2045,701,676,1
1749,2045,700,236,1
1750.01,2045,274,85,1
1750.02,2045,892,292,1
1750.03,2045,259,80,1
1751,2045,1152,313,1
1752.01,2045,1370,904,1
1752.02,2045,819,333,1
1753.01,2045,397,130,1
1753.02,2045,685,231,1
1753.03,2045,186,61,1
1754.01,2045,71,24,1
1754.02,2045,159,53,1
1754.03,2045,396,132,1
1755,2045,1743,585,1
1756,2045,383,129,1
1757,2045,79,731,1
1758,2045,65,629,1
1759,2045,53,758,1
1760,2045,93,883,1
1761,2045,548,802,1
1762,2045,64,935,1
1763,2045,36,742,1
1764,2045,35,739,1
1765,2045,13,571,1
1766,2045,23,819,1
1767,2045,749,1676,1
1768,2045,1138,1250,1
1769,2045,527,1692,1
1770.01,2045,0,488,1
1770.02,2045,0,85,1
1771,2045,227,657,1
1772,2045,302,1161,1
1773,2045,0,66,1
1774,2045,1,338,1
1775,2045,21,523,1
1776,2045,5,67,1
1777,2045,9,361,1
1778,2045,165,918,1
1779,2045,254,1414,1
1780,2045,13,580,1
1781,2045,5,222,1
1782,2045,8,382,1
1783,2045,28,546,1
1784,2045,254,354,1
1785,2045,149,223,1
1786,2045,230,343,1
1787,2045,173,259,1
1788,2045,32,599,1
1789,2045,127,478,1
1790,2045,512,914,1
1791,2045,168,408,1
1792,2045,61,326,1
1793.01,2045,57,354,1
1793.02,2045,24,146,1
1794,2045,365,10,1
1795,2045,285,422,1
1796.01,2045,318,487,1
1796.02,2045,80,122,1
1796.03,2045,437,287,1
1797.01,2045,213,328,1
1797.02,2045,11,17,1
1797.03,2045,146,226,1
1798.01,2045,59,366,1
1798.02,2045,63,394,1
1798.03,2045,82,507,1
1798.04,2045,52,300,1
1799,2045,74,626,1
1800.01,2045,107,161,1
1800.02,2045,266,411,1
1800.03,2045,63,94,1
1800.04,2045,211,319,1
1800.05,2045,378,569,1
1800.06,2045,95,144,1
1801,2045,12,67,1
1802,2045,599,692,1
1803,2045,196,226,1
1804,2045,909,1057,1
1805,2045,281,1148,1
1806,2045,107,410,1
1807,2045,382,875,1
1808,2045,603,705,1
1809,2045,168,195,1
1810,2045,1056,966,1
1811,2045,254,551,1
1812,2045,277,254,1
1813,2045,75,68,1
1814.01,2045,311,77,1
1814.02,2045,207,82,1
1815,2045,196,220,1
1816,2045,120,807,1
1817.01,2045,2643,651,1
1817.02,2045,144,35,1
1817.03,2045,338,83,1
1818,2045,137,245,1
1819,2045,137,247,1
1820,2045,177,457,1
1821,2045,159,957,1
1822,2045,87,556,1
1823,2045,166,1272,1
1824,2045,149,753,1
1825,2045,33,319,1
1826,2045,143,555,1
1827,2045,46,733,1
1828,2045,22,591,1
1829,2045,7,170,1
1830,2045,54,468,1
1831,2045,435,588,1
1832.01,2045,201,272,1
1832.02,2045,188,252,1
1832.03,2045,923,1248,1
1833.01,2045,10,274,1
1833.02,2045,747,996,1
1833.03,2045,485,1291,1
1834,2045,14,347,1
1835,2045,6,128,1
1836,2045,32,110,1
1837,2045,196,36,1
1838.01,2045,955,237,1
1838.02,2045,44,8,1
1839,2045,254,45,1
1840,2045,700,127,1
1841.01,2045,212,37,1
1841.02,2045,1426,254,1
1841.03,2045,140,25,1
1841.04,2045,124,22,1
1842.01,2045,153,28,1
1842.02,2045,54,10,1
1843.01,2045,88,16,1
1843.02,2045,728,133,1
1844,2045,551,100,1
1845.01,2045,535,121,1
1845.02,2045,2102,482,1
1845.03,2045,336,62,1
1846.01,2045,904,206,1
1846.02,2045,72,13,1
1847.01,2045,877,618,1
1847.02,2045,403,284,1
1848.01,2045,237,321,1
1848.02,2045,752,800,1
1849.01,2045,1155,1564,1
1849.02,2045,51,48,1
1850,2045,63,86,1
1851.01,2045,46,313,1
1851.02,2045,332,858,1
1852.01,2045,9,62,1
1852.02,2045,20,82,1
1853.01,2045,100,923,1
1853.02,2045,33,101,1
1854.01,2045,100,700,1
1854.02,2045,13,98,1
1855,2045,535,98,1
1856,2045,221,397,1
1857,2045,364,639,1
1858,2045,2198,1041,1
1859,2045,193,44,1
1860,2045,158,77,1
1861,2045,234,664,1
1862,2045,160,453,1
1863,2045,310,1072,1
1864,2045,441,378,1
1865.01,2045,641,531,1
1865.02,2045,760,602,1
1865.03,2045,68,58,1
1865.04,2045,719,623,1
1866.01,2045,255,129,1
1866.02,2045,159,80,1
1866.03,2045,213,175,1
1867.01,2045,1063,514,1
1867.02,2045,1098,558,1
1868.01,2045,1014,185,1
1868.02,2045,252,49,1
1868.03,2045,183,33,1
1869.01,2045,771,664,1
1869.02,2045,139,102,1
1870,2045,254,224,1
1871,2045,49,427,1
1872,2045,177,625,1
1873,2045,36,124,1
1874,2045,239,413,1
1875,2045,20,73,1
1876,2045,40,256,1
1877,2045,10,102,1
1878,2045,14,96,1
1879,2045,221,612,1
1880,2045,83,989,1
1881,2045,260,714,1
1882,2045,35,626,1
1883,2045,254,703,1
1884,2045,48,756,1
1885,2045,11,283,1
1886,2045,12,293,1
1887,2045,21,327,1
1888,2045,7,147,1
1889,2045,18,443,1
1890,2045,9,231,1
1891,2045,47,571,1
1892,2045,46,500,1
1893,2045,6,158,1
1894,2045,10,257,1
1895,2045,26,655,1
1896,2045,9,262,1
1897,2045,11,325,1
1898,2045,6,168,1
1899,2045,10,262,1
1900,2045,18,324,1
1901.01,2045,1243,452,1
1901.02,2045,215,78,1
1901.03,2045,160,58,1
1902,2045,555,352,1
1903,2045,447,1062,1
1904,2045,60,22,1
1905,2045,1890,1379,1
1906.01,2045,85,71,1
1906.02,2045,300,244,1
1907,2045,236,40,1
1908,2045,2080,783,1
1909,2045,58,9,1
1910,2045,67,24,1
1911,2045,612,226,1
1912,2045,378,138,1
1913,2045,412,459,1
1914,2045,330,366,1
1915,2045,56,877,1
1916,2045,49,597,1
1917,2045,26,386,1
1918,2045,191,1243,1
1919,2045,263,1564,1
1920,2045,221,839,1
1921,2045,70,319,1
1922,2045,126,737,1
1923,2045,44,164,1
1924,2045,174,568,1
1925,2045,169,671,1
1926,2045,50,201,1
1927,2045,151,574,1
1928,2045,275,358,1
1929,2045,29,176,1
1930,2045,46,462,1
1931,2045,663,1390,1
1932,2045,170,423,1
1933,2045,318,412,1
1934,2045,183,236,1
1935,2045,898,1075,1
1936,2045,459,600,1
1937,2045,516,459,1
1938,2045,563,731,1
1939,2045,639,577,1
1940,2045,526,460,1
1941,2045,96,128,1
1942,2045,3,20,1
1943.01,2045,18,243,1
1943.02,2045,1,11,1
1943.03,2045,21,201,1
1944.01,2045,71,15,1
1944.02,2045,173,34,1
1944.03,2045,471,87,1
1944.04,2045,285,51,1
1944.05,2045,427,88,1
1944.06,2045,807,150,1
1945.01,2045,64,71,1
1945.02,2045,401,448,1
1945.03,2045,255,273,1
1946,2045,118,132,1
1947,2045,77,855,1
1948,2045,83,589,1
1949,2045,72,595,1
1950,2045,181,1053,1
1951,2045,86,735,1
1952,2045,331,672,1
1953,2045,96,861,1
1954,2045,207,1549,1
1955,2045,81,473,1
1956,2045,50,272,1
1957,2045,1008,289,1
1958,2045,461,132,1
1959,2045,121,910,1
1960,2045,101,589,1
1961,2045,419,828,1
1962,2045,612,1311,1
1963,2045,520,533,1
1964,2045,150,143,1
1965,2045,72,324,1
1966.01,2045,89,88,1
1966.02,2045,163,159,1
1967,2045,358,352,1
1968.01,2045,949,236,1
1968.02,2045,252,62,1
1969.01,2045,591,227,1
1969.02,2045,250,95,1
1970,2045,247,233,1
1971,2045,381,150,1
1972.01,2045,76,71,1
1972.02,2045,256,239,1
1972.03,2045,47,44,1
1972.04,2045,221,213,1
1973.01,2045,706,273,1
1973.02,2045,163,61,1
1973.03,2045,479,183,1
1973.04,2045,573,222,1
1974,2045,605,572,1
1975,2045,314,1156,1
1976,2045,586,1280,1
1977,2045,120,542,1
1978,2045,240,1479,1
1979,2045,154,1827,1
1980,2045,120,1166,1
1981,2045,212,978,1
1982,2045,1680,1374,1
1983,2045,22,179,1
1984,2045,108,874,1
1985,2045,137,1086,1
1986,2045,768,2723,1
1987,2045,117,873,1
1988,2045,47,505,1
1989.01,2045,522,1774,1
1989.02,2045,41,139,1
1989.03,2045,17,57,1
1990,2045,1142,1037,1
1991,2045,99,96,1
1992,2045,97,95,1
1993,2045,7,18,1
1994,2045,145,294,1
1995,2045,12,35,1
1996,2045,318,857,1
1997,2045,30,227,1
1998,2045,423,1259,1
1999,2045,233,378,1
2000,2045,417,683,1
2001,2045,302,477,1
2002,2045,639,207,1
2003,2045,705,491,1
2004,2045,28,143,1
2005,2045,22,158,1
2006.01,2045,605,526,1
2006.02,2045,40,35,1
2007,2045,1312,1347,1
2008,2045,66,947,1
2009,2045,113,333,1
2010,2045,113,115,1
2011,2045,108,698,1
2012.01,2045,38,204,1
2012.02,2045,13,47,1
2013.01,2045,70,413,1
2013.02,2045,12,60,1
2014,2045,334,581,1
2015,2045,213,370,1
2016,2045,29,51,1
2017,2045,128,219,1
2018.01,2045,75,62,1
2018.02,2045,60,50,1
2018.03,2045,129,107,1
2019,2045,174,297,1
2020,2045,623,540,1
2021,2045,631,528,1
2022,2045,127,106,1
2023,2045,688,585,1
2024,2045,166,167,1
2025.01,2045,125,126,1
2025.02,2045,57,58,1
2025.03,2045,45,46,1
2026,2045,181,181,1
2027,2045,157,157,1
2028,2045,674,683,1
2029,2045,128,128,1
2030,2045,154,156,1
2031,2045,98,283,1
2032,2045,101,269,1
2033,2045,578,1693,1
2034,2045,893,2062,1
2035,2045,268,1234,1
2036.01,2045,668,67,1
2036.02,2045,112,42,1
2036.03,2045,56,2,1
2037,2045,79,695,1
2038,2045,993,1584,1
2039,2045,188,388,1
2040,2045,120,349,1
2041,2045,90,637,1
2042,2045,134,1352,1
2043,2045,50,357,1
2044.01,2045,2323,629,1
2044.02,2045,217,60,1
2045,2045,2974,797,1
2046,2045,60,119,1
2047.01,2045,489,1198,1
2047.02,2045,63,54,1
2048,2045,19,763,1
2049,2045,202,1271,1
2050,2045,54,343,1
2051,2045,85,557,1
2052,2045,679,770,1
2053,2045,97,596,1
2054,2045,506,599,1
2055,2045,67,406,1
2056,2045,43,270,1
2057,2045,100,646,1
2058,2045,84,377,1
2059,2045,2117,1122,1
2060,2045,904,772,1
2061.01,2045,123,58,1
2061.02,2045,360,156,1
2062.01,2045,59,308,1
2062.02,2045,401,1103,1
2062.03,2045,164,1071,1
2063.01,2045,41,52,1
2063.02,2045,957,414,1
2064,2045,449,169,1
2065,2045,1199,450,1
2066.01,2045,113,170,1
2066.02,2045,266,398,1
2067,2045,332,904,1
2068,2045,214,2328,1
2069.01,2045,116,378,1
2069.02,2045,379,796,1
2070,2045,435,913,1
2071,2045,22,699,1
2072,2045,221,1294,1
2073.01,2045,569,193,1
2073.02,2045,1727,589,1
2073.03,2045,1775,2501,1
2074.01,2045,215,80,1
2074.02,2045,29,56,1
2075.01,2045,951,608,1
2075.02,2045,827,527,1
2076.01,2045,346,221,1
2076.02,2045,478,307,1
2076.03,2045,439,279,1
2077,2045,38,594,1
2078,2045,13,222,1
2079.01,2045,77,119,1
2079.02,2045,753,1291,1
2080.01,2045,13,21,1
2080.02,2045,85,127,1
2080.03,2045,66,112,1
2080.04,2045,92,156,1
2081,2045,560,642,1
2082,2045,1389,2370,1
2083,2045,293,264,1
2084,2045,179,153,1
2085.01,2045,344,311,1
2085.02,2045,1515,1365,1
2086.01,2045,77,251,1
2086.02,2045,28,226,1
2086.03,2045,45,139,1
2087,2045,50,384,1
2088,2045,110,1175,1
2089.01,2045,483,7,1
2089.02,2045,463,9,1
2089.03,2045,38,1,1
2089.04,2045,184,93,1
2090,2045,552,78,1
2091,2045,65,383,1
2092,2045,16,137,1
2093,2045,34,281,1
2094,2045,2,65,1
2095,2045,8,345,1
2096.01,2045,127,748,1
2096.02,2045,89,485,1
2097,2045,120,222,1
2098,2045,328,507,1
2099.01,2045,75,144,1
2099.02,2045,327,618,1
2100,2045,404,780,1
2101,2045,99,175,1
2102,2045,260,462,1
2103,2045,34,46,1
2104,2045,107,190,1
2105,2045,124,221,1
2106,2045,1175,1301,1
2107,2045,13,52,1
2108,2045,167,326,1
2109,2045,97,171,1
2110,2045,93,183,1
2111.01,2045,41,80,1
2111.02,2045,520,56,1
2112.01,2045,123,7,1
2112.02,2045,331,9,1
2112.03,2045,86,4,1
2112.04,2045,120,3,1
2112.05,2045,6,0,1
2112.06,2045,122,4,1
2113,2045,49,271,1
2114.01,2045,119,246,1
2114.02,2045,47,302,1
2114.03,2045,9,50,1
2115.01,2045,66,274,1
2115.02,2045,82,411,1
2116.01,2045,100,194,1
2116.02,2045,18,36,1
2117.01,2045,74,146,1
2117.02,2045,23,67,1
2118,2045,86,228,1
2119,2045,66,175,1
2120,2045,52,132,1
2121,2045,26,66,1
2122,2045,165,187,1
2123,2045,36,43,1
2124,2045,3,23,1
2125,2045,272,1697,1
2126,2045,120,1364,1
2127,2045,106,1120,1
2128,2045,392,2204,1
2129,2045,114,713,1
2130,2045,139,934,1
2131,2045,87,1372,1
2132,2045,187,2040,1
2133,2045,157,1474,1
2134,2045,109,979,1
2135,2045,143,1860,1
2136,2045,183,1275,1
2137,2045,238,1255,1
2138,2045,525,1667,1
2139,2045,236,1003,1
2140,2045,356,1199,1
2141,2045,125,676,1
2142,2045,697,1921,1
2143,2045,32,1015,1
2144,2045,277,2063,1
2145,2045,384,1789,1
2146,2045,318,1652,1
2147,2045,225,1808,1
2148,2045,159,850,1
2149,2045,20,312,1
2150,2045,567,2052,1
2151,2045,5,133,1
2152,2045,12,356,1
2153,2045,6,186,1
2154,2045,10,331,1
2155,2045,23,530,1
2156,2045,8,430,1
2157,2045,7,355,1
2158,2045,20,610,1
2159,2045,12,188,1
